date,value,indicator,source,unit,frequency
2005-03-31,7847.43594614047,FBCF - Otros edificios y estructuras (AN112),DANE - Cuentas Nacionales (Cuadro 5),"(según anexo, valores en constantes)",Trimestral
2005-06-30,6994.537885278776,FBCF - Otros edificios y estructuras (AN112),DANE - Cuentas Nacionales (Cuadro 5),"(según anexo, valores en constantes)",Trimestral
2005-09-30,8980.227273610843,FBCF - Otros edificios y estructuras (AN112),DANE - Cuentas Nacionales (Cuadro 5),"(según anexo, valores en constantes)",Trimestral
2005-12-31,11904.798894969912,FBCF - Otros edificios y estructuras (AN112),DANE - Cuentas Nacionales (Cuadro 5),"(según anexo, valores en constantes)",Trimestral
2006-03-31,7863.165874512554,FBCF - Otros edificios y estructuras (AN112),DANE - Cuentas Nacionales (Cuadro 5),"(según anexo, valores en constantes)",Trimestral
2006-06-30,8031.845947038932,FBCF - Otros edificios y estructuras (AN112),DANE - Cuentas Nacionales (Cuadro 5),"(según anexo, valores en constantes)",Trimestral
2006-09-30,10307.684578908744,FBCF - Otros edificios y estructuras (AN112),DANE - Cuentas Nacionales (Cuadro 5),"(según anexo, valores en constantes)",Trimestral
2006-12-31,12634.303599539773,FBCF - Otros edificios y estructuras (AN112),DANE - Cuentas Nacionales (Cuadro 5),"(según anexo, valores en constantes)",Trimestral
2007-03-31,9500.73372876116,FBCF - Otros edificios y estructuras (AN112),DANE - Cuentas Nacionales (Cuadro 5),"(según anexo, valores en constantes)",Trimestral
2007-06-30,10926.731754117149,FBCF - Otros edificios y estructuras (AN112),DANE - Cuentas Nacionales (Cuadro 5),"(según anexo, valores en constantes)",Trimestral
2007-09-30,12295.953440675034,FBCF - Otros edificios y estructuras (AN112),DANE - Cuentas Nacionales (Cuadro 5),"(según anexo, valores en constantes)",Trimestral
2007-12-31,13649.58107644666,FBCF - Otros edificios y estructuras (AN112),DANE - Cuentas Nacionales (Cuadro 5),"(según anexo, valores en constantes)",Trimestral
2008-03-31,7918.174779773013,FBCF - Otros edificios y estructuras (AN112),DANE - Cuentas Nacionales (Cuadro 5),"(según anexo, valores en constantes)",Trimestral
2008-06-30,10752.853241431376,FBCF - Otros edificios y estructuras (AN112),DANE - Cuentas Nacionales (Cuadro 5),"(según anexo, valores en constantes)",Trimestral
2008-09-30,11752.268528528455,FBCF - Otros edificios y estructuras (AN112),DANE - Cuentas Nacionales (Cuadro 5),"(según anexo, valores en constantes)",Trimestral
2008-12-31,11767.703450267156,FBCF - Otros edificios y estructuras (AN112),DANE - Cuentas Nacionales (Cuadro 5),"(según anexo, valores en constantes)",Trimestral
2009-03-31,8809.1694424924,FBCF - Otros edificios y estructuras (AN112),DANE - Cuentas Nacionales (Cuadro 5),"(según anexo, valores en constantes)",Trimestral
2009-06-30,12791.3992242661,FBCF - Otros edificios y estructuras (AN112),DANE - Cuentas Nacionales (Cuadro 5),"(según anexo, valores en constantes)",Trimestral
2009-09-30,13333.312819631336,FBCF - Otros edificios y estructuras (AN112),DANE - Cuentas Nacionales (Cuadro 5),"(según anexo, valores en constantes)",Trimestral
2009-12-31,14295.118513610161,FBCF - Otros edificios y estructuras (AN112),DANE - Cuentas Nacionales (Cuadro 5),"(según anexo, valores en constantes)",Trimestral
2010-03-31,9434.352922929513,FBCF - Otros edificios y estructuras (AN112),DANE - Cuentas Nacionales (Cuadro 5),"(según anexo, valores en constantes)",Trimestral
2010-06-30,13827.634792727064,FBCF - Otros edificios y estructuras (AN112),DANE - Cuentas Nacionales (Cuadro 5),"(según anexo, valores en constantes)",Trimestral
2010-09-30,13707.04542032042,FBCF - Otros edificios y estructuras (AN112),DANE - Cuentas Nacionales (Cuadro 5),"(según anexo, valores en constantes)",Trimestral
2010-12-31,14764.966864023007,FBCF - Otros edificios y estructuras (AN112),DANE - Cuentas Nacionales (Cuadro 5),"(según anexo, valores en constantes)",Trimestral
2011-03-31,9389.698197132915,FBCF - Otros edificios y estructuras (AN112),DANE - Cuentas Nacionales (Cuadro 5),"(según anexo, valores en constantes)",Trimestral
2011-06-30,13128.520369246424,FBCF - Otros edificios y estructuras (AN112),DANE - Cuentas Nacionales (Cuadro 5),"(según anexo, valores en constantes)",Trimestral
2011-09-30,13490.943552439365,FBCF - Otros edificios y estructuras (AN112),DANE - Cuentas Nacionales (Cuadro 5),"(según anexo, valores en constantes)",Trimestral
2011-12-31,15240.837881181293,FBCF - Otros edificios y estructuras (AN112),DANE - Cuentas Nacionales (Cuadro 5),"(según anexo, valores en constantes)",Trimestral
2012-03-31,9725.302638089066,FBCF - Otros edificios y estructuras (AN112),DANE - Cuentas Nacionales (Cuadro 5),"(según anexo, valores en constantes)",Trimestral
2012-06-30,15312.894348796466,FBCF - Otros edificios y estructuras (AN112),DANE - Cuentas Nacionales (Cuadro 5),"(según anexo, valores en constantes)",Trimestral
2012-09-30,14519.761420042376,FBCF - Otros edificios y estructuras (AN112),DANE - Cuentas Nacionales (Cuadro 5),"(según anexo, valores en constantes)",Trimestral
2012-12-31,13965.041593072092,FBCF - Otros edificios y estructuras (AN112),DANE - Cuentas Nacionales (Cuadro 5),"(según anexo, valores en constantes)",Trimestral
2013-03-31,11764.676850738393,FBCF - Otros edificios y estructuras (AN112),DANE - Cuentas Nacionales (Cuadro 5),"(según anexo, valores en constantes)",Trimestral
2013-06-30,15783.362058873861,FBCF - Otros edificios y estructuras (AN112),DANE - Cuentas Nacionales (Cuadro 5),"(según anexo, valores en constantes)",Trimestral
2013-09-30,15532.185856851922,FBCF - Otros edificios y estructuras (AN112),DANE - Cuentas Nacionales (Cuadro 5),"(según anexo, valores en constantes)",Trimestral
2013-12-31,17006.77523353582,FBCF - Otros edificios y estructuras (AN112),DANE - Cuentas Nacionales (Cuadro 5),"(según anexo, valores en constantes)",Trimestral
2014-03-31,13611.202894768676,FBCF - Otros edificios y estructuras (AN112),DANE - Cuentas Nacionales (Cuadro 5),"(según anexo, valores en constantes)",Trimestral
2014-06-30,17500.776663109962,FBCF - Otros edificios y estructuras (AN112),DANE - Cuentas Nacionales (Cuadro 5),"(según anexo, valores en constantes)",Trimestral
2014-09-30,17422.255433524402,FBCF - Otros edificios y estructuras (AN112),DANE - Cuentas Nacionales (Cuadro 5),"(según anexo, valores en constantes)",Trimestral
2014-12-31,17336.765008596954,FBCF - Otros edificios y estructuras (AN112),DANE - Cuentas Nacionales (Cuadro 5),"(según anexo, valores en constantes)",Trimestral
2015-03-31,14939.603447567293,FBCF - Otros edificios y estructuras (AN112),DANE - Cuentas Nacionales (Cuadro 5),"(según anexo, valores en constantes)",Trimestral
2015-06-30,19347.40385354229,FBCF - Otros edificios y estructuras (AN112),DANE - Cuentas Nacionales (Cuadro 5),"(según anexo, valores en constantes)",Trimestral
2015-09-30,20112.041285152056,FBCF - Otros edificios y estructuras (AN112),DANE - Cuentas Nacionales (Cuadro 5),"(según anexo, valores en constantes)",Trimestral
2015-12-31,18208.951413738352,FBCF - Otros edificios y estructuras (AN112),DANE - Cuentas Nacionales (Cuadro 5),"(según anexo, valores en constantes)",Trimestral
2016-03-31,14690.026208809466,FBCF - Otros edificios y estructuras (AN112),DANE - Cuentas Nacionales (Cuadro 5),"(según anexo, valores en constantes)",Trimestral
2016-06-30,19338.26393587168,FBCF - Otros edificios y estructuras (AN112),DANE - Cuentas Nacionales (Cuadro 5),"(según anexo, valores en constantes)",Trimestral
2016-09-30,19522.38264118043,FBCF - Otros edificios y estructuras (AN112),DANE - Cuentas Nacionales (Cuadro 5),"(según anexo, valores en constantes)",Trimestral
2016-12-31,19043.327214138422,FBCF - Otros edificios y estructuras (AN112),DANE - Cuentas Nacionales (Cuadro 5),"(según anexo, valores en constantes)",Trimestral
2017-03-31,15148.248745587041,FBCF - Otros edificios y estructuras (AN112),DANE - Cuentas Nacionales (Cuadro 5),"(según anexo, valores en constantes)",Trimestral
2017-06-30,19773.09917592016,FBCF - Otros edificios y estructuras (AN112),DANE - Cuentas Nacionales (Cuadro 5),"(según anexo, valores en constantes)",Trimestral
2017-09-30,21319.543752303427,FBCF - Otros edificios y estructuras (AN112),DANE - Cuentas Nacionales (Cuadro 5),"(según anexo, valores en constantes)",Trimestral
2017-12-31,19712.108326189365,FBCF - Otros edificios y estructuras (AN112),DANE - Cuentas Nacionales (Cuadro 5),"(según anexo, valores en constantes)",Trimestral
2018-03-31,14260.335183145276,FBCF - Otros edificios y estructuras (AN112),DANE - Cuentas Nacionales (Cuadro 5),"(según anexo, valores en constantes)",Trimestral
2018-06-30,19257.417338386706,FBCF - Otros edificios y estructuras (AN112),DANE - Cuentas Nacionales (Cuadro 5),"(según anexo, valores en constantes)",Trimestral
2018-09-30,20171.453740533503,FBCF - Otros edificios y estructuras (AN112),DANE - Cuentas Nacionales (Cuadro 5),"(según anexo, valores en constantes)",Trimestral
2018-12-31,19622.793737934506,FBCF - Otros edificios y estructuras (AN112),DANE - Cuentas Nacionales (Cuadro 5),"(según anexo, valores en constantes)",Trimestral
2019-03-31,16928.525887681848,FBCF - Otros edificios y estructuras (AN112),DANE - Cuentas Nacionales (Cuadro 5),"(según anexo, valores en constantes)",Trimestral
2019-06-30,18591.844788898106,FBCF - Otros edificios y estructuras (AN112),DANE - Cuentas Nacionales (Cuadro 5),"(según anexo, valores en constantes)",Trimestral
2019-09-30,19939.28216646571,FBCF - Otros edificios y estructuras (AN112),DANE - Cuentas Nacionales (Cuadro 5),"(según anexo, valores en constantes)",Trimestral
2019-12-31,18647.347156954336,FBCF - Otros edificios y estructuras (AN112),DANE - Cuentas Nacionales (Cuadro 5),"(según anexo, valores en constantes)",Trimestral
2020-03-31,15022.20970481874,FBCF - Otros edificios y estructuras (AN112),DANE - Cuentas Nacionales (Cuadro 5),"(según anexo, valores en constantes)",Trimestral
2020-06-30,9120.075786587959,FBCF - Otros edificios y estructuras (AN112),DANE - Cuentas Nacionales (Cuadro 5),"(según anexo, valores en constantes)",Trimestral
2020-09-30,12429.361497370246,FBCF - Otros edificios y estructuras (AN112),DANE - Cuentas Nacionales (Cuadro 5),"(según anexo, valores en constantes)",Trimestral
2020-12-31,14716.353011223053,FBCF - Otros edificios y estructuras (AN112),DANE - Cuentas Nacionales (Cuadro 5),"(según anexo, valores en constantes)",Trimestral
2021-03-31,14254.126697225256,FBCF - Otros edificios y estructuras (AN112),DANE - Cuentas Nacionales (Cuadro 5),"(según anexo, valores en constantes)",Trimestral
2021-06-30,11383.72973830622,FBCF - Otros edificios y estructuras (AN112),DANE - Cuentas Nacionales (Cuadro 5),"(según anexo, valores en constantes)",Trimestral
2021-09-30,11558.289489191688,FBCF - Otros edificios y estructuras (AN112),DANE - Cuentas Nacionales (Cuadro 5),"(según anexo, valores en constantes)",Trimestral
2021-12-31,14574.854075276833,FBCF - Otros edificios y estructuras (AN112),DANE - Cuentas Nacionales (Cuadro 5),"(según anexo, valores en constantes)",Trimestral
2022-03-31,13364.189742584691,FBCF - Otros edificios y estructuras (AN112),DANE - Cuentas Nacionales (Cuadro 5),"(según anexo, valores en constantes)",Trimestral
2022-06-30,10901.188947822779,FBCF - Otros edificios y estructuras (AN112),DANE - Cuentas Nacionales (Cuadro 5),"(según anexo, valores en constantes)",Trimestral
2022-09-30,11856.793979499698,FBCF - Otros edificios y estructuras (AN112),DANE - Cuentas Nacionales (Cuadro 5),"(según anexo, valores en constantes)",Trimestral
2022-12-31,13428.827330092829,FBCF - Otros edificios y estructuras (AN112),DANE - Cuentas Nacionales (Cuadro 5),"(según anexo, valores en constantes)",Trimestral
2023-03-31,12754.51360560317,FBCF - Otros edificios y estructuras (AN112),DANE - Cuentas Nacionales (Cuadro 5),"(según anexo, valores en constantes)",Trimestral
2023-06-30,10069.459850761728,FBCF - Otros edificios y estructuras (AN112),DANE - Cuentas Nacionales (Cuadro 5),"(según anexo, valores en constantes)",Trimestral
2023-09-30,10344.314250057889,FBCF - Otros edificios y estructuras (AN112),DANE - Cuentas Nacionales (Cuadro 5),"(según anexo, valores en constantes)",Trimestral
2023-12-31,13690.712293577211,FBCF - Otros edificios y estructuras (AN112),DANE - Cuentas Nacionales (Cuadro 5),"(según anexo, valores en constantes)",Trimestral
2015-01-01,1481.777,GEIH - Ocupados (Construcción),"DANE - GEIH (ramas CIIU4, mensual)",Miles de personas (ver anexo),Mensual
2015-02-01,1300.595,GEIH - Ocupados (Construcción),"DANE - GEIH (ramas CIIU4, mensual)",Miles de personas (ver anexo),Mensual
2015-03-01,1622.094,GEIH - Ocupados (Construcción),"DANE - GEIH (ramas CIIU4, mensual)",Miles de personas (ver anexo),Mensual
2015-04-01,1449.242,GEIH - Ocupados (Construcción),"DANE - GEIH (ramas CIIU4, mensual)",Miles de personas (ver anexo),Mensual
2015-05-01,1441.869,GEIH - Ocupados (Construcción),"DANE - GEIH (ramas CIIU4, mensual)",Miles de personas (ver anexo),Mensual
2015-06-01,1452.727,GEIH - Ocupados (Construcción),"DANE - GEIH (ramas CIIU4, mensual)",Miles de personas (ver anexo),Mensual
2015-07-01,1522.783,GEIH - Ocupados (Construcción),"DANE - GEIH (ramas CIIU4, mensual)",Miles de personas (ver anexo),Mensual
2015-08-01,1367.4,GEIH - Ocupados (Construcción),"DANE - GEIH (ramas CIIU4, mensual)",Miles de personas (ver anexo),Mensual
2015-09-01,1545.21,GEIH - Ocupados (Construcción),"DANE - GEIH (ramas CIIU4, mensual)",Miles de personas (ver anexo),Mensual
2015-10-01,1496.28,GEIH - Ocupados (Construcción),"DANE - GEIH (ramas CIIU4, mensual)",Miles de personas (ver anexo),Mensual
2015-11-01,1490.153,GEIH - Ocupados (Construcción),"DANE - GEIH (ramas CIIU4, mensual)",Miles de personas (ver anexo),Mensual
2015-12-01,1583.642,GEIH - Ocupados (Construcción),"DANE - GEIH (ramas CIIU4, mensual)",Miles de personas (ver anexo),Mensual
2016-01-01,1554.357,GEIH - Ocupados (Construcción),"DANE - GEIH (ramas CIIU4, mensual)",Miles de personas (ver anexo),Mensual
2016-02-01,1395.283,GEIH - Ocupados (Construcción),"DANE - GEIH (ramas CIIU4, mensual)",Miles de personas (ver anexo),Mensual
2016-03-01,1446.51,GEIH - Ocupados (Construcción),"DANE - GEIH (ramas CIIU4, mensual)",Miles de personas (ver anexo),Mensual
2016-04-01,1464.809,GEIH - Ocupados (Construcción),"DANE - GEIH (ramas CIIU4, mensual)",Miles de personas (ver anexo),Mensual
2016-05-01,1536.082,GEIH - Ocupados (Construcción),"DANE - GEIH (ramas CIIU4, mensual)",Miles de personas (ver anexo),Mensual
2016-06-01,1555.212,GEIH - Ocupados (Construcción),"DANE - GEIH (ramas CIIU4, mensual)",Miles de personas (ver anexo),Mensual
2016-07-01,1366.046,GEIH - Ocupados (Construcción),"DANE - GEIH (ramas CIIU4, mensual)",Miles de personas (ver anexo),Mensual
2016-08-01,1384.072,GEIH - Ocupados (Construcción),"DANE - GEIH (ramas CIIU4, mensual)",Miles de personas (ver anexo),Mensual
2016-09-01,1641.769,GEIH - Ocupados (Construcción),"DANE - GEIH (ramas CIIU4, mensual)",Miles de personas (ver anexo),Mensual
2016-10-01,1475.352,GEIH - Ocupados (Construcción),"DANE - GEIH (ramas CIIU4, mensual)",Miles de personas (ver anexo),Mensual
2016-11-01,1589.56,GEIH - Ocupados (Construcción),"DANE - GEIH (ramas CIIU4, mensual)",Miles de personas (ver anexo),Mensual
2016-12-01,1570.025,GEIH - Ocupados (Construcción),"DANE - GEIH (ramas CIIU4, mensual)",Miles de personas (ver anexo),Mensual
2017-01-01,1488.457,GEIH - Ocupados (Construcción),"DANE - GEIH (ramas CIIU4, mensual)",Miles de personas (ver anexo),Mensual
2017-02-01,1392.777,GEIH - Ocupados (Construcción),"DANE - GEIH (ramas CIIU4, mensual)",Miles de personas (ver anexo),Mensual
2017-03-01,1423.562,GEIH - Ocupados (Construcción),"DANE - GEIH (ramas CIIU4, mensual)",Miles de personas (ver anexo),Mensual
2017-04-01,1335.794,GEIH - Ocupados (Construcción),"DANE - GEIH (ramas CIIU4, mensual)",Miles de personas (ver anexo),Mensual
2017-05-01,1499.918,GEIH - Ocupados (Construcción),"DANE - GEIH (ramas CIIU4, mensual)",Miles de personas (ver anexo),Mensual
2017-06-01,1545.239,GEIH - Ocupados (Construcción),"DANE - GEIH (ramas CIIU4, mensual)",Miles de personas (ver anexo),Mensual
2017-07-01,1481.446,GEIH - Ocupados (Construcción),"DANE - GEIH (ramas CIIU4, mensual)",Miles de personas (ver anexo),Mensual
2017-08-01,1417.217,GEIH - Ocupados (Construcción),"DANE - GEIH (ramas CIIU4, mensual)",Miles de personas (ver anexo),Mensual
2017-09-01,1395.196,GEIH - Ocupados (Construcción),"DANE - GEIH (ramas CIIU4, mensual)",Miles de personas (ver anexo),Mensual
2017-10-01,1556.606,GEIH - Ocupados (Construcción),"DANE - GEIH (ramas CIIU4, mensual)",Miles de personas (ver anexo),Mensual
2017-11-01,1438.416,GEIH - Ocupados (Construcción),"DANE - GEIH (ramas CIIU4, mensual)",Miles de personas (ver anexo),Mensual
2017-12-01,1613.839,GEIH - Ocupados (Construcción),"DANE - GEIH (ramas CIIU4, mensual)",Miles de personas (ver anexo),Mensual
2018-01-01,1382.327,GEIH - Ocupados (Construcción),"DANE - GEIH (ramas CIIU4, mensual)",Miles de personas (ver anexo),Mensual
2018-02-01,1335.219,GEIH - Ocupados (Construcción),"DANE - GEIH (ramas CIIU4, mensual)",Miles de personas (ver anexo),Mensual
2018-03-01,1336.935,GEIH - Ocupados (Construcción),"DANE - GEIH (ramas CIIU4, mensual)",Miles de personas (ver anexo),Mensual
2018-04-01,1408.431,GEIH - Ocupados (Construcción),"DANE - GEIH (ramas CIIU4, mensual)",Miles de personas (ver anexo),Mensual
2018-05-01,1482.147,GEIH - Ocupados (Construcción),"DANE - GEIH (ramas CIIU4, mensual)",Miles de personas (ver anexo),Mensual
2018-06-01,1388.4,GEIH - Ocupados (Construcción),"DANE - GEIH (ramas CIIU4, mensual)",Miles de personas (ver anexo),Mensual
2018-07-01,1452.439,GEIH - Ocupados (Construcción),"DANE - GEIH (ramas CIIU4, mensual)",Miles de personas (ver anexo),Mensual
2018-08-01,1332.061,GEIH - Ocupados (Construcción),"DANE - GEIH (ramas CIIU4, mensual)",Miles de personas (ver anexo),Mensual
2018-09-01,1594.761,GEIH - Ocupados (Construcción),"DANE - GEIH (ramas CIIU4, mensual)",Miles de personas (ver anexo),Mensual
2018-10-01,1488.172,GEIH - Ocupados (Construcción),"DANE - GEIH (ramas CIIU4, mensual)",Miles de personas (ver anexo),Mensual
2018-11-01,1497.852,GEIH - Ocupados (Construcción),"DANE - GEIH (ramas CIIU4, mensual)",Miles de personas (ver anexo),Mensual
2018-12-01,1575.87,GEIH - Ocupados (Construcción),"DANE - GEIH (ramas CIIU4, mensual)",Miles de personas (ver anexo),Mensual
2019-01-01,1471.014,GEIH - Ocupados (Construcción),"DANE - GEIH (ramas CIIU4, mensual)",Miles de personas (ver anexo),Mensual
2019-02-01,1299.472,GEIH - Ocupados (Construcción),"DANE - GEIH (ramas CIIU4, mensual)",Miles de personas (ver anexo),Mensual
2019-03-01,1397.461,GEIH - Ocupados (Construcción),"DANE - GEIH (ramas CIIU4, mensual)",Miles de personas (ver anexo),Mensual
2019-04-01,1484.612,GEIH - Ocupados (Construcción),"DANE - GEIH (ramas CIIU4, mensual)",Miles de personas (ver anexo),Mensual
2019-05-01,1419.151,GEIH - Ocupados (Construcción),"DANE - GEIH (ramas CIIU4, mensual)",Miles de personas (ver anexo),Mensual
2019-06-01,1544.962,GEIH - Ocupados (Construcción),"DANE - GEIH (ramas CIIU4, mensual)",Miles de personas (ver anexo),Mensual
2019-07-01,1429.514,GEIH - Ocupados (Construcción),"DANE - GEIH (ramas CIIU4, mensual)",Miles de personas (ver anexo),Mensual
2019-08-01,1426.113,GEIH - Ocupados (Construcción),"DANE - GEIH (ramas CIIU4, mensual)",Miles de personas (ver anexo),Mensual
2019-09-01,1575.616,GEIH - Ocupados (Construcción),"DANE - GEIH (ramas CIIU4, mensual)",Miles de personas (ver anexo),Mensual
2019-10-01,1490.712,GEIH - Ocupados (Construcción),"DANE - GEIH (ramas CIIU4, mensual)",Miles de personas (ver anexo),Mensual
2019-11-01,1585.789,GEIH - Ocupados (Construcción),"DANE - GEIH (ramas CIIU4, mensual)",Miles de personas (ver anexo),Mensual
2019-12-01,1722.909,GEIH - Ocupados (Construcción),"DANE - GEIH (ramas CIIU4, mensual)",Miles de personas (ver anexo),Mensual
2020-01-01,1394.273,GEIH - Ocupados (Construcción),"DANE - GEIH (ramas CIIU4, mensual)",Miles de personas (ver anexo),Mensual
2020-02-01,1516.512,GEIH - Ocupados (Construcción),"DANE - GEIH (ramas CIIU4, mensual)",Miles de personas (ver anexo),Mensual
2020-03-01,1352.206,GEIH - Ocupados (Construcción),"DANE - GEIH (ramas CIIU4, mensual)",Miles de personas (ver anexo),Mensual
2020-04-01,878.331,GEIH - Ocupados (Construcción),"DANE - GEIH (ramas CIIU4, mensual)",Miles de personas (ver anexo),Mensual
2020-05-01,986.881,GEIH - Ocupados (Construcción),"DANE - GEIH (ramas CIIU4, mensual)",Miles de personas (ver anexo),Mensual
2020-06-01,1297.152,GEIH - Ocupados (Construcción),"DANE - GEIH (ramas CIIU4, mensual)",Miles de personas (ver anexo),Mensual
2020-07-01,1321.897,GEIH - Ocupados (Construcción),"DANE - GEIH (ramas CIIU4, mensual)",Miles de personas (ver anexo),Mensual
2020-08-01,1267.363,GEIH - Ocupados (Construcción),"DANE - GEIH (ramas CIIU4, mensual)",Miles de personas (ver anexo),Mensual
2020-09-01,1454.107,GEIH - Ocupados (Construcción),"DANE - GEIH (ramas CIIU4, mensual)",Miles de personas (ver anexo),Mensual
2020-10-01,1439.391,GEIH - Ocupados (Construcción),"DANE - GEIH (ramas CIIU4, mensual)",Miles de personas (ver anexo),Mensual
2020-11-01,1514.186,GEIH - Ocupados (Construcción),"DANE - GEIH (ramas CIIU4, mensual)",Miles de personas (ver anexo),Mensual
2020-12-01,1549.967,GEIH - Ocupados (Construcción),"DANE - GEIH (ramas CIIU4, mensual)",Miles de personas (ver anexo),Mensual
2021-01-01,1407.324,GEIH - Ocupados (Construcción),"DANE - GEIH (ramas CIIU4, mensual)",Miles de personas (ver anexo),Mensual
2021-02-01,1464.123,GEIH - Ocupados (Construcción),"DANE - GEIH (ramas CIIU4, mensual)",Miles de personas (ver anexo),Mensual
2021-03-01,1423.182,GEIH - Ocupados (Construcción),"DANE - GEIH (ramas CIIU4, mensual)",Miles de personas (ver anexo),Mensual
2021-04-01,1414.554,GEIH - Ocupados (Construcción),"DANE - GEIH (ramas CIIU4, mensual)",Miles de personas (ver anexo),Mensual
2021-05-01,1394.737,GEIH - Ocupados (Construcción),"DANE - GEIH (ramas CIIU4, mensual)",Miles de personas (ver anexo),Mensual
2021-06-01,1427.705,GEIH - Ocupados (Construcción),"DANE - GEIH (ramas CIIU4, mensual)",Miles de personas (ver anexo),Mensual
2021-07-01,1308.353,GEIH - Ocupados (Construcción),"DANE - GEIH (ramas CIIU4, mensual)",Miles de personas (ver anexo),Mensual
2021-08-01,1537.515,GEIH - Ocupados (Construcción),"DANE - GEIH (ramas CIIU4, mensual)",Miles de personas (ver anexo),Mensual
2021-09-01,1566.438,GEIH - Ocupados (Construcción),"DANE - GEIH (ramas CIIU4, mensual)",Miles de personas (ver anexo),Mensual
2021-10-01,1529.576,GEIH - Ocupados (Construcción),"DANE - GEIH (ramas CIIU4, mensual)",Miles de personas (ver anexo),Mensual
2021-11-01,1546.387,GEIH - Ocupados (Construcción),"DANE - GEIH (ramas CIIU4, mensual)",Miles de personas (ver anexo),Mensual
2021-12-01,1718.678,GEIH - Ocupados (Construcción),"DANE - GEIH (ramas CIIU4, mensual)",Miles de personas (ver anexo),Mensual
1999-03-31,23.967471690543807,IIOC - Total,DANE - IIOC (Anexo A3),Índice,Trimestral
1999-06-30,29.796732264658015,IIOC - Total,DANE - IIOC (Anexo A3),Índice,Trimestral
1999-09-30,34.88304307141667,IIOC - Total,DANE - IIOC (Anexo A3),Índice,Trimestral
1999-12-31,62.57249831950899,IIOC - Total,DANE - IIOC (Anexo A3),Índice,Trimestral
2000-03-31,24.259934290278455,IIOC - Total,DANE - IIOC (Anexo A3),Índice,Trimestral
2000-06-30,32.719082084597986,IIOC - Total,DANE - IIOC (Anexo A3),Índice,Trimestral
2000-09-30,36.43083916144581,IIOC - Total,DANE - IIOC (Anexo A3),Índice,Trimestral
2000-12-31,54.55555273678373,IIOC - Total,DANE - IIOC (Anexo A3),Índice,Trimestral
2001-03-31,18.70778143487558,IIOC - Total,DANE - IIOC (Anexo A3),Índice,Trimestral
2001-06-30,26.42219638886402,IIOC - Total,DANE - IIOC (Anexo A3),Índice,Trimestral
2001-09-30,32.76989605130072,IIOC - Total,DANE - IIOC (Anexo A3),Índice,Trimestral
2001-12-31,49.36406846118454,IIOC - Total,DANE - IIOC (Anexo A3),Índice,Trimestral
2002-03-31,14.214852892776873,IIOC - Total,DANE - IIOC (Anexo A3),Índice,Trimestral
2002-06-30,21.514287825592355,IIOC - Total,DANE - IIOC (Anexo A3),Índice,Trimestral
2002-09-30,22.072471572795706,IIOC - Total,DANE - IIOC (Anexo A3),Índice,Trimestral
2002-12-31,37.8235922421782,IIOC - Total,DANE - IIOC (Anexo A3),Índice,Trimestral
2003-03-31,15.890216909280195,IIOC - Total,DANE - IIOC (Anexo A3),Índice,Trimestral
2003-06-30,22.00370975498897,IIOC - Total,DANE - IIOC (Anexo A3),Índice,Trimestral
2003-09-30,23.725467951673863,IIOC - Total,DANE - IIOC (Anexo A3),Índice,Trimestral
2003-12-31,47.03575810727108,IIOC - Total,DANE - IIOC (Anexo A3),Índice,Trimestral
2004-03-31,12.856416942599882,IIOC - Total,DANE - IIOC (Anexo A3),Índice,Trimestral
2004-06-30,17.06762428256662,IIOC - Total,DANE - IIOC (Anexo A3),Índice,Trimestral
2004-09-30,20.582701440302692,IIOC - Total,DANE - IIOC (Anexo A3),Índice,Trimestral
2004-12-31,42.95799824821412,IIOC - Total,DANE - IIOC (Anexo A3),Índice,Trimestral
2005-03-31,15.848425703976117,IIOC - Total,DANE - IIOC (Anexo A3),Índice,Trimestral
2005-06-30,16.279575614634492,IIOC - Total,DANE - IIOC (Anexo A3),Índice,Trimestral
2005-09-30,26.34419523062246,IIOC - Total,DANE - IIOC (Anexo A3),Índice,Trimestral
2005-12-31,59.18186942975092,IIOC - Total,DANE - IIOC (Anexo A3),Índice,Trimestral
2006-03-31,17.97900873575939,IIOC - Total,DANE - IIOC (Anexo A3),Índice,Trimestral
2006-06-30,25.363699793419578,IIOC - Total,DANE - IIOC (Anexo A3),Índice,Trimestral
2006-09-30,34.98368869449383,IIOC - Total,DANE - IIOC (Anexo A3),Índice,Trimestral
2006-12-31,75.58860773219061,IIOC - Total,DANE - IIOC (Anexo A3),Índice,Trimestral
2007-03-31,25.030751375936553,IIOC - Total,DANE - IIOC (Anexo A3),Índice,Trimestral
2007-06-30,33.343490250774735,IIOC - Total,DANE - IIOC (Anexo A3),Índice,Trimestral
2007-09-30,46.28895422110731,IIOC - Total,DANE - IIOC (Anexo A3),Índice,Trimestral
2007-12-31,84.8229481946924,IIOC - Total,DANE - IIOC (Anexo A3),Índice,Trimestral
2008-03-31,25.656443713487775,IIOC - Total,DANE - IIOC (Anexo A3),Índice,Trimestral
2008-06-30,40.19998239088002,IIOC - Total,DANE - IIOC (Anexo A3),Índice,Trimestral
2008-09-30,52.003679319213255,IIOC - Total,DANE - IIOC (Anexo A3),Índice,Trimestral
2008-12-31,81.29050232348746,IIOC - Total,DANE - IIOC (Anexo A3),Índice,Trimestral
2009-03-31,30.13868733054586,IIOC - Total,DANE - IIOC (Anexo A3),Índice,Trimestral
2009-06-30,54.30855072273939,IIOC - Total,DANE - IIOC (Anexo A3),Índice,Trimestral
2009-09-30,66.39848414155605,IIOC - Total,DANE - IIOC (Anexo A3),Índice,Trimestral
2009-12-31,114.74540183285298,IIOC - Total,DANE - IIOC (Anexo A3),Índice,Trimestral
2010-03-31,36.59792233708062,IIOC - Total,DANE - IIOC (Anexo A3),Índice,Trimestral
2010-06-30,50.98549896026777,IIOC - Total,DANE - IIOC (Anexo A3),Índice,Trimestral
2010-09-30,56.8895096484604,IIOC - Total,DANE - IIOC (Anexo A3),Índice,Trimestral
2010-12-31,102.79823532453595,IIOC - Total,DANE - IIOC (Anexo A3),Índice,Trimestral
2011-03-31,35.395582522248375,IIOC - Total,DANE - IIOC (Anexo A3),Índice,Trimestral
2011-06-30,55.466828240454795,IIOC - Total,DANE - IIOC (Anexo A3),Índice,Trimestral
2011-09-30,61.924500674153826,IIOC - Total,DANE - IIOC (Anexo A3),Índice,Trimestral
2011-12-31,106.9219787546915,IIOC - Total,DANE - IIOC (Anexo A3),Índice,Trimestral
2012-03-31,44.04167968646189,IIOC - Total,DANE - IIOC (Anexo A3),Índice,Trimestral
2012-06-30,67.21200700300251,IIOC - Total,DANE - IIOC (Anexo A3),Índice,Trimestral
2012-09-30,68.60114008077531,IIOC - Total,DANE - IIOC (Anexo A3),Índice,Trimestral
2012-12-31,100.20616615860507,IIOC - Total,DANE - IIOC (Anexo A3),Índice,Trimestral
2013-03-31,46.706014077626996,IIOC - Total,DANE - IIOC (Anexo A3),Índice,Trimestral
2013-06-30,65.28608243704154,IIOC - Total,DANE - IIOC (Anexo A3),Índice,Trimestral
2013-09-30,78.41835853667105,IIOC - Total,DANE - IIOC (Anexo A3),Índice,Trimestral
2013-12-31,118.35778106653291,IIOC - Total,DANE - IIOC (Anexo A3),Índice,Trimestral
2014-03-31,59.77570183985756,IIOC - Total,DANE - IIOC (Anexo A3),Índice,Trimestral
2014-06-30,76.29060719925589,IIOC - Total,DANE - IIOC (Anexo A3),Índice,Trimestral
2014-09-30,86.23417598663816,IIOC - Total,DANE - IIOC (Anexo A3),Índice,Trimestral
2014-12-31,125.40961145346722,IIOC - Total,DANE - IIOC (Anexo A3),Índice,Trimestral
2015-03-31,63.14035771641499,IIOC - Total,DANE - IIOC (Anexo A3),Índice,Trimestral
2015-06-30,82.27262488935806,IIOC - Total,DANE - IIOC (Anexo A3),Índice,Trimestral
2015-09-30,92.96767947338114,IIOC - Total,DANE - IIOC (Anexo A3),Índice,Trimestral
2015-12-31,127.5732692044752,IIOC - Total,DANE - IIOC (Anexo A3),Índice,Trimestral
2016-03-31,63.09303504671305,IIOC - Total,DANE - IIOC (Anexo A3),Índice,Trimestral
2016-06-30,81.99152926055214,IIOC - Total,DANE - IIOC (Anexo A3),Índice,Trimestral
2016-09-30,96.25828381360309,IIOC - Total,DANE - IIOC (Anexo A3),Índice,Trimestral
2016-12-31,132.49473511825397,IIOC - Total,DANE - IIOC (Anexo A3),Índice,Trimestral
2017-03-31,65.1492591553934,IIOC - Total,DANE - IIOC (Anexo A3),Índice,Trimestral
2017-06-30,87.20079740762392,IIOC - Total,DANE - IIOC (Anexo A3),Índice,Trimestral
2017-09-30,104.53575039921762,IIOC - Total,DANE - IIOC (Anexo A3),Índice,Trimestral
2017-12-31,143.11419303776503,IIOC - Total,DANE - IIOC (Anexo A3),Índice,Trimestral
2018-03-31,60.53776496007638,IIOC - Total,DANE - IIOC (Anexo A3),Índice,Trimestral
2018-06-30,82.39423662322343,IIOC - Total,DANE - IIOC (Anexo A3),Índice,Trimestral
2018-09-30,102.77926920735621,IIOC - Total,DANE - IIOC (Anexo A3),Índice,Trimestral
2018-12-31,150.64977723585616,IIOC - Total,DANE - IIOC (Anexo A3),Índice,Trimestral
2019-03-31,65.2927311569663,IIOC - Total,DANE - IIOC (Anexo A3),Índice,Trimestral
2019-06-30,93.38390663081314,IIOC - Total,DANE - IIOC (Anexo A3),Índice,Trimestral
2019-09-30,115.52619600618554,IIOC - Total,DANE - IIOC (Anexo A3),Índice,Trimestral
2019-12-31,162.28920553172992,IIOC - Total,DANE - IIOC (Anexo A3),Índice,Trimestral
2020-03-31,71.58106146266945,IIOC - Total,DANE - IIOC (Anexo A3),Índice,Trimestral
2020-06-30,72.74483225092217,IIOC - Total,DANE - IIOC (Anexo A3),Índice,Trimestral
2020-09-30,86.52252955886847,IIOC - Total,DANE - IIOC (Anexo A3),Índice,Trimestral
2020-12-31,126.25578871741307,IIOC - Total,DANE - IIOC (Anexo A3),Índice,Trimestral
1999-03-31,21.660242950412865,IIOC - 4001 (vías/carreteras/puentes),DANE - IIOC (Anexo A3),Índice,Trimestral
1999-06-30,19.63373203621673,IIOC - 4001 (vías/carreteras/puentes),DANE - IIOC (Anexo A3),Índice,Trimestral
1999-09-30,18.050859093493926,IIOC - 4001 (vías/carreteras/puentes),DANE - IIOC (Anexo A3),Índice,Trimestral
1999-12-31,37.10419968693205,IIOC - 4001 (vías/carreteras/puentes),DANE - IIOC (Anexo A3),Índice,Trimestral
2000-03-31,15.959082550717236,IIOC - 4001 (vías/carreteras/puentes),DANE - IIOC (Anexo A3),Índice,Trimestral
2000-06-30,21.897512182328146,IIOC - 4001 (vías/carreteras/puentes),DANE - IIOC (Anexo A3),Índice,Trimestral
2000-09-30,29.406803787058465,IIOC - 4001 (vías/carreteras/puentes),DANE - IIOC (Anexo A3),Índice,Trimestral
2000-12-31,46.117150756626906,IIOC - 4001 (vías/carreteras/puentes),DANE - IIOC (Anexo A3),Índice,Trimestral
2001-03-31,10.739019993286027,IIOC - 4001 (vías/carreteras/puentes),DANE - IIOC (Anexo A3),Índice,Trimestral
2001-06-30,18.266737114622895,IIOC - 4001 (vías/carreteras/puentes),DANE - IIOC (Anexo A3),Índice,Trimestral
2001-09-30,18.63646087649165,IIOC - 4001 (vías/carreteras/puentes),DANE - IIOC (Anexo A3),Índice,Trimestral
2001-12-31,36.976871701534805,IIOC - 4001 (vías/carreteras/puentes),DANE - IIOC (Anexo A3),Índice,Trimestral
2002-03-31,7.534639177375251,IIOC - 4001 (vías/carreteras/puentes),DANE - IIOC (Anexo A3),Índice,Trimestral
2002-06-30,12.482488146464616,IIOC - 4001 (vías/carreteras/puentes),DANE - IIOC (Anexo A3),Índice,Trimestral
2002-09-30,17.025777810453445,IIOC - 4001 (vías/carreteras/puentes),DANE - IIOC (Anexo A3),Índice,Trimestral
2002-12-31,22.130774350895724,IIOC - 4001 (vías/carreteras/puentes),DANE - IIOC (Anexo A3),Índice,Trimestral
2003-03-31,8.874152512153788,IIOC - 4001 (vías/carreteras/puentes),DANE - IIOC (Anexo A3),Índice,Trimestral
2003-06-30,15.533078777650168,IIOC - 4001 (vías/carreteras/puentes),DANE - IIOC (Anexo A3),Índice,Trimestral
2003-09-30,15.25309403631854,IIOC - 4001 (vías/carreteras/puentes),DANE - IIOC (Anexo A3),Índice,Trimestral
2003-12-31,26.748112448692723,IIOC - 4001 (vías/carreteras/puentes),DANE - IIOC (Anexo A3),Índice,Trimestral
2004-03-31,10.860403112751227,IIOC - 4001 (vías/carreteras/puentes),DANE - IIOC (Anexo A3),Índice,Trimestral
2004-06-30,12.189204625199986,IIOC - 4001 (vías/carreteras/puentes),DANE - IIOC (Anexo A3),Índice,Trimestral
2004-09-30,15.073447375635372,IIOC - 4001 (vías/carreteras/puentes),DANE - IIOC (Anexo A3),Índice,Trimestral
2004-12-31,29.04776245948745,IIOC - 4001 (vías/carreteras/puentes),DANE - IIOC (Anexo A3),Índice,Trimestral
2005-03-31,18.28437837549646,IIOC - 4001 (vías/carreteras/puentes),DANE - IIOC (Anexo A3),Índice,Trimestral
2005-06-30,9.535340389105697,IIOC - 4001 (vías/carreteras/puentes),DANE - IIOC (Anexo A3),Índice,Trimestral
2005-09-30,21.324605163353098,IIOC - 4001 (vías/carreteras/puentes),DANE - IIOC (Anexo A3),Índice,Trimestral
2005-12-31,44.95415216239271,IIOC - 4001 (vías/carreteras/puentes),DANE - IIOC (Anexo A3),Índice,Trimestral
2006-03-31,14.372596232271988,IIOC - 4001 (vías/carreteras/puentes),DANE - IIOC (Anexo A3),Índice,Trimestral
2006-06-30,21.049098207585292,IIOC - 4001 (vías/carreteras/puentes),DANE - IIOC (Anexo A3),Índice,Trimestral
2006-09-30,25.413584520105303,IIOC - 4001 (vías/carreteras/puentes),DANE - IIOC (Anexo A3),Índice,Trimestral
2006-12-31,52.215283786813046,IIOC - 4001 (vías/carreteras/puentes),DANE - IIOC (Anexo A3),Índice,Trimestral
2007-03-31,28.534325939306783,IIOC - 4001 (vías/carreteras/puentes),DANE - IIOC (Anexo A3),Índice,Trimestral
2007-06-30,29.250522092055505,IIOC - 4001 (vías/carreteras/puentes),DANE - IIOC (Anexo A3),Índice,Trimestral
2007-09-30,41.405036610495834,IIOC - 4001 (vías/carreteras/puentes),DANE - IIOC (Anexo A3),Índice,Trimestral
2007-12-31,74.97727906847831,IIOC - 4001 (vías/carreteras/puentes),DANE - IIOC (Anexo A3),Índice,Trimestral
2008-03-31,16.853013647455814,IIOC - 4001 (vías/carreteras/puentes),DANE - IIOC (Anexo A3),Índice,Trimestral
2008-06-30,29.826164569818424,IIOC - 4001 (vías/carreteras/puentes),DANE - IIOC (Anexo A3),Índice,Trimestral
2008-09-30,28.03201381828641,IIOC - 4001 (vías/carreteras/puentes),DANE - IIOC (Anexo A3),Índice,Trimestral
2008-12-31,48.69810081371065,IIOC - 4001 (vías/carreteras/puentes),DANE - IIOC (Anexo A3),Índice,Trimestral
2009-03-31,18.514738419842107,IIOC - 4001 (vías/carreteras/puentes),DANE - IIOC (Anexo A3),Índice,Trimestral
2009-06-30,40.71971704690438,IIOC - 4001 (vías/carreteras/puentes),DANE - IIOC (Anexo A3),Índice,Trimestral
2009-09-30,64.28956451298181,IIOC - 4001 (vías/carreteras/puentes),DANE - IIOC (Anexo A3),Índice,Trimestral
2009-12-31,107.99565668521372,IIOC - 4001 (vías/carreteras/puentes),DANE - IIOC (Anexo A3),Índice,Trimestral
2010-03-31,33.60350981088282,IIOC - 4001 (vías/carreteras/puentes),DANE - IIOC (Anexo A3),Índice,Trimestral
2010-06-30,40.6268735234943,IIOC - 4001 (vías/carreteras/puentes),DANE - IIOC (Anexo A3),Índice,Trimestral
2010-09-30,43.432174865731746,IIOC - 4001 (vías/carreteras/puentes),DANE - IIOC (Anexo A3),Índice,Trimestral
2010-12-31,70.08180885504746,IIOC - 4001 (vías/carreteras/puentes),DANE - IIOC (Anexo A3),Índice,Trimestral
2011-03-31,30.32899304888135,IIOC - 4001 (vías/carreteras/puentes),DANE - IIOC (Anexo A3),Índice,Trimestral
2011-06-30,38.11618029974729,IIOC - 4001 (vías/carreteras/puentes),DANE - IIOC (Anexo A3),Índice,Trimestral
2011-09-30,51.20504113530417,IIOC - 4001 (vías/carreteras/puentes),DANE - IIOC (Anexo A3),Índice,Trimestral
2011-12-31,71.21572832647458,IIOC - 4001 (vías/carreteras/puentes),DANE - IIOC (Anexo A3),Índice,Trimestral
2012-03-31,41.47216098143142,IIOC - 4001 (vías/carreteras/puentes),DANE - IIOC (Anexo A3),Índice,Trimestral
2012-06-30,56.84427824802592,IIOC - 4001 (vías/carreteras/puentes),DANE - IIOC (Anexo A3),Índice,Trimestral
2012-09-30,59.3136043866402,IIOC - 4001 (vías/carreteras/puentes),DANE - IIOC (Anexo A3),Índice,Trimestral
2012-12-31,77.40917645724141,IIOC - 4001 (vías/carreteras/puentes),DANE - IIOC (Anexo A3),Índice,Trimestral
2013-03-31,50.19865695981951,IIOC - 4001 (vías/carreteras/puentes),DANE - IIOC (Anexo A3),Índice,Trimestral
2013-06-30,52.771279981170906,IIOC - 4001 (vías/carreteras/puentes),DANE - IIOC (Anexo A3),Índice,Trimestral
2013-09-30,75.94857798010759,IIOC - 4001 (vías/carreteras/puentes),DANE - IIOC (Anexo A3),Índice,Trimestral
2013-12-31,103.237284346255,IIOC - 4001 (vías/carreteras/puentes),DANE - IIOC (Anexo A3),Índice,Trimestral
2014-03-31,66.14608880014572,IIOC - 4001 (vías/carreteras/puentes),DANE - IIOC (Anexo A3),Índice,Trimestral
2014-06-30,73.12618416926865,IIOC - 4001 (vías/carreteras/puentes),DANE - IIOC (Anexo A3),Índice,Trimestral
2014-09-30,86.20490659500808,IIOC - 4001 (vías/carreteras/puentes),DANE - IIOC (Anexo A3),Índice,Trimestral
2014-12-31,111.5856904709146,IIOC - 4001 (vías/carreteras/puentes),DANE - IIOC (Anexo A3),Índice,Trimestral
2015-03-31,63.22950370031672,IIOC - 4001 (vías/carreteras/puentes),DANE - IIOC (Anexo A3),Índice,Trimestral
2015-06-30,78.936539004677,IIOC - 4001 (vías/carreteras/puentes),DANE - IIOC (Anexo A3),Índice,Trimestral
2015-09-30,88.80655695565247,IIOC - 4001 (vías/carreteras/puentes),DANE - IIOC (Anexo A3),Índice,Trimestral
2015-12-31,137.30537450163317,IIOC - 4001 (vías/carreteras/puentes),DANE - IIOC (Anexo A3),Índice,Trimestral
2016-03-31,65.39559086401552,IIOC - 4001 (vías/carreteras/puentes),DANE - IIOC (Anexo A3),Índice,Trimestral
2016-06-30,89.36147650467588,IIOC - 4001 (vías/carreteras/puentes),DANE - IIOC (Anexo A3),Índice,Trimestral
2016-09-30,100.05607855635422,IIOC - 4001 (vías/carreteras/puentes),DANE - IIOC (Anexo A3),Índice,Trimestral
2016-12-31,145.56682742993667,IIOC - 4001 (vías/carreteras/puentes),DANE - IIOC (Anexo A3),Índice,Trimestral
2017-03-31,73.46111613475564,IIOC - 4001 (vías/carreteras/puentes),DANE - IIOC (Anexo A3),Índice,Trimestral
2017-06-30,87.87349519667768,IIOC - 4001 (vías/carreteras/puentes),DANE - IIOC (Anexo A3),Índice,Trimestral
2017-09-30,94.52216939825124,IIOC - 4001 (vías/carreteras/puentes),DANE - IIOC (Anexo A3),Índice,Trimestral
2017-12-31,144.14321927031543,IIOC - 4001 (vías/carreteras/puentes),DANE - IIOC (Anexo A3),Índice,Trimestral
2018-03-31,70.3359915840658,IIOC - 4001 (vías/carreteras/puentes),DANE - IIOC (Anexo A3),Índice,Trimestral
2018-06-30,83.86062105629759,IIOC - 4001 (vías/carreteras/puentes),DANE - IIOC (Anexo A3),Índice,Trimestral
2018-09-30,94.74984764125358,IIOC - 4001 (vías/carreteras/puentes),DANE - IIOC (Anexo A3),Índice,Trimestral
2018-12-31,150.42617784907782,IIOC - 4001 (vías/carreteras/puentes),DANE - IIOC (Anexo A3),Índice,Trimestral
2019-03-31,74.92240000056478,IIOC - 4001 (vías/carreteras/puentes),DANE - IIOC (Anexo A3),Índice,Trimestral
2019-06-30,98.67913884220046,IIOC - 4001 (vías/carreteras/puentes),DANE - IIOC (Anexo A3),Índice,Trimestral
2019-09-30,107.34629058309667,IIOC - 4001 (vías/carreteras/puentes),DANE - IIOC (Anexo A3),Índice,Trimestral
2019-12-31,163.6278788437042,IIOC - 4001 (vías/carreteras/puentes),DANE - IIOC (Anexo A3),Índice,Trimestral
2020-03-31,90.2846470839584,IIOC - 4001 (vías/carreteras/puentes),DANE - IIOC (Anexo A3),Índice,Trimestral
2020-06-30,65.61875565256868,IIOC - 4001 (vías/carreteras/puentes),DANE - IIOC (Anexo A3),Índice,Trimestral
2020-09-30,100.50745202928204,IIOC - 4001 (vías/carreteras/puentes),DANE - IIOC (Anexo A3),Índice,Trimestral
2020-12-31,130.9782313732179,IIOC - 4001 (vías/carreteras/puentes),DANE - IIOC (Anexo A3),Índice,Trimestral
1999-03-31,10.793023285352543,IIOC - 4002 (férreas/aeropuertos/transporte masivo),DANE - IIOC (Anexo A3),Índice,Trimestral
1999-06-30,13.236023347495737,IIOC - 4002 (férreas/aeropuertos/transporte masivo),DANE - IIOC (Anexo A3),Índice,Trimestral
1999-09-30,26.753321327282485,IIOC - 4002 (férreas/aeropuertos/transporte masivo),DANE - IIOC (Anexo A3),Índice,Trimestral
1999-12-31,16.331778525386433,IIOC - 4002 (férreas/aeropuertos/transporte masivo),DANE - IIOC (Anexo A3),Índice,Trimestral
2000-03-31,36.50793511684172,IIOC - 4002 (férreas/aeropuertos/transporte masivo),DANE - IIOC (Anexo A3),Índice,Trimestral
2000-06-30,110.1181034338607,IIOC - 4002 (férreas/aeropuertos/transporte masivo),DANE - IIOC (Anexo A3),Índice,Trimestral
2000-09-30,11.619174153619447,IIOC - 4002 (férreas/aeropuertos/transporte masivo),DANE - IIOC (Anexo A3),Índice,Trimestral
2000-12-31,38.34514145361039,IIOC - 4002 (férreas/aeropuertos/transporte masivo),DANE - IIOC (Anexo A3),Índice,Trimestral
2001-03-31,49.66467418560076,IIOC - 4002 (férreas/aeropuertos/transporte masivo),DANE - IIOC (Anexo A3),Índice,Trimestral
2001-06-30,88.92166462792717,IIOC - 4002 (férreas/aeropuertos/transporte masivo),DANE - IIOC (Anexo A3),Índice,Trimestral
2001-09-30,32.79812838536984,IIOC - 4002 (férreas/aeropuertos/transporte masivo),DANE - IIOC (Anexo A3),Índice,Trimestral
2001-12-31,98.54800249014384,IIOC - 4002 (férreas/aeropuertos/transporte masivo),DANE - IIOC (Anexo A3),Índice,Trimestral
2002-03-31,10.485053221725535,IIOC - 4002 (férreas/aeropuertos/transporte masivo),DANE - IIOC (Anexo A3),Índice,Trimestral
2002-06-30,37.99238547479849,IIOC - 4002 (férreas/aeropuertos/transporte masivo),DANE - IIOC (Anexo A3),Índice,Trimestral
2002-09-30,36.411754546605536,IIOC - 4002 (férreas/aeropuertos/transporte masivo),DANE - IIOC (Anexo A3),Índice,Trimestral
2002-12-31,41.215546916569615,IIOC - 4002 (férreas/aeropuertos/transporte masivo),DANE - IIOC (Anexo A3),Índice,Trimestral
2003-03-31,29.105015907751035,IIOC - 4002 (férreas/aeropuertos/transporte masivo),DANE - IIOC (Anexo A3),Índice,Trimestral
2003-06-30,62.531875707470945,IIOC - 4002 (férreas/aeropuertos/transporte masivo),DANE - IIOC (Anexo A3),Índice,Trimestral
2003-09-30,39.434487874065496,IIOC - 4002 (férreas/aeropuertos/transporte masivo),DANE - IIOC (Anexo A3),Índice,Trimestral
2003-12-31,92.63893196566247,IIOC - 4002 (férreas/aeropuertos/transporte masivo),DANE - IIOC (Anexo A3),Índice,Trimestral
2004-03-31,41.209914842179394,IIOC - 4002 (férreas/aeropuertos/transporte masivo),DANE - IIOC (Anexo A3),Índice,Trimestral
2004-06-30,59.39584384951542,IIOC - 4002 (férreas/aeropuertos/transporte masivo),DANE - IIOC (Anexo A3),Índice,Trimestral
2004-09-30,60.89262469172847,IIOC - 4002 (férreas/aeropuertos/transporte masivo),DANE - IIOC (Anexo A3),Índice,Trimestral
2004-12-31,176.12344093219252,IIOC - 4002 (férreas/aeropuertos/transporte masivo),DANE - IIOC (Anexo A3),Índice,Trimestral
2005-03-31,106.8605443653325,IIOC - 4002 (férreas/aeropuertos/transporte masivo),DANE - IIOC (Anexo A3),Índice,Trimestral
2005-06-30,94.85332582211407,IIOC - 4002 (férreas/aeropuertos/transporte masivo),DANE - IIOC (Anexo A3),Índice,Trimestral
2005-09-30,136.60597764196314,IIOC - 4002 (férreas/aeropuertos/transporte masivo),DANE - IIOC (Anexo A3),Índice,Trimestral
2005-12-31,161.12248406584123,IIOC - 4002 (férreas/aeropuertos/transporte masivo),DANE - IIOC (Anexo A3),Índice,Trimestral
2006-03-31,110.30838835871747,IIOC - 4002 (férreas/aeropuertos/transporte masivo),DANE - IIOC (Anexo A3),Índice,Trimestral
2006-06-30,167.20210821723882,IIOC - 4002 (férreas/aeropuertos/transporte masivo),DANE - IIOC (Anexo A3),Índice,Trimestral
2006-09-30,116.18315539533654,IIOC - 4002 (férreas/aeropuertos/transporte masivo),DANE - IIOC (Anexo A3),Índice,Trimestral
2006-12-31,215.24719622472924,IIOC - 4002 (férreas/aeropuertos/transporte masivo),DANE - IIOC (Anexo A3),Índice,Trimestral
2007-03-31,110.44519560056668,IIOC - 4002 (férreas/aeropuertos/transporte masivo),DANE - IIOC (Anexo A3),Índice,Trimestral
2007-06-30,49.604564825668255,IIOC - 4002 (férreas/aeropuertos/transporte masivo),DANE - IIOC (Anexo A3),Índice,Trimestral
2007-09-30,58.047835831190575,IIOC - 4002 (férreas/aeropuertos/transporte masivo),DANE - IIOC (Anexo A3),Índice,Trimestral
2007-12-31,159.57523913705438,IIOC - 4002 (férreas/aeropuertos/transporte masivo),DANE - IIOC (Anexo A3),Índice,Trimestral
2008-03-31,152.62533017699442,IIOC - 4002 (férreas/aeropuertos/transporte masivo),DANE - IIOC (Anexo A3),Índice,Trimestral
2008-06-30,85.53908705049005,IIOC - 4002 (férreas/aeropuertos/transporte masivo),DANE - IIOC (Anexo A3),Índice,Trimestral
2008-09-30,71.69999836017479,IIOC - 4002 (férreas/aeropuertos/transporte masivo),DANE - IIOC (Anexo A3),Índice,Trimestral
2008-12-31,146.97858706828868,IIOC - 4002 (férreas/aeropuertos/transporte masivo),DANE - IIOC (Anexo A3),Índice,Trimestral
2009-03-31,85.10816395813553,IIOC - 4002 (férreas/aeropuertos/transporte masivo),DANE - IIOC (Anexo A3),Índice,Trimestral
2009-06-30,122.94212896363081,IIOC - 4002 (férreas/aeropuertos/transporte masivo),DANE - IIOC (Anexo A3),Índice,Trimestral
2009-09-30,222.69280029351697,IIOC - 4002 (férreas/aeropuertos/transporte masivo),DANE - IIOC (Anexo A3),Índice,Trimestral
2009-12-31,188.3157697011204,IIOC - 4002 (férreas/aeropuertos/transporte masivo),DANE - IIOC (Anexo A3),Índice,Trimestral
2010-03-31,78.99881427945962,IIOC - 4002 (férreas/aeropuertos/transporte masivo),DANE - IIOC (Anexo A3),Índice,Trimestral
2010-06-30,114.12996528062695,IIOC - 4002 (férreas/aeropuertos/transporte masivo),DANE - IIOC (Anexo A3),Índice,Trimestral
2010-09-30,122.04683490634412,IIOC - 4002 (férreas/aeropuertos/transporte masivo),DANE - IIOC (Anexo A3),Índice,Trimestral
2010-12-31,144.274741912609,IIOC - 4002 (férreas/aeropuertos/transporte masivo),DANE - IIOC (Anexo A3),Índice,Trimestral
2011-03-31,90.52236306983043,IIOC - 4002 (férreas/aeropuertos/transporte masivo),DANE - IIOC (Anexo A3),Índice,Trimestral
2011-06-30,82.7559146860049,IIOC - 4002 (férreas/aeropuertos/transporte masivo),DANE - IIOC (Anexo A3),Índice,Trimestral
2011-09-30,81.26095190609216,IIOC - 4002 (férreas/aeropuertos/transporte masivo),DANE - IIOC (Anexo A3),Índice,Trimestral
2011-12-31,94.17585252062399,IIOC - 4002 (férreas/aeropuertos/transporte masivo),DANE - IIOC (Anexo A3),Índice,Trimestral
2012-03-31,54.142965840944406,IIOC - 4002 (férreas/aeropuertos/transporte masivo),DANE - IIOC (Anexo A3),Índice,Trimestral
2012-06-30,82.8659327735984,IIOC - 4002 (férreas/aeropuertos/transporte masivo),DANE - IIOC (Anexo A3),Índice,Trimestral
2012-09-30,55.17401815514784,IIOC - 4002 (férreas/aeropuertos/transporte masivo),DANE - IIOC (Anexo A3),Índice,Trimestral
2012-12-31,88.43833144975571,IIOC - 4002 (férreas/aeropuertos/transporte masivo),DANE - IIOC (Anexo A3),Índice,Trimestral
2013-03-31,54.6128322825569,IIOC - 4002 (férreas/aeropuertos/transporte masivo),DANE - IIOC (Anexo A3),Índice,Trimestral
2013-06-30,65.32727827703489,IIOC - 4002 (férreas/aeropuertos/transporte masivo),DANE - IIOC (Anexo A3),Índice,Trimestral
2013-09-30,89.65796532740771,IIOC - 4002 (férreas/aeropuertos/transporte masivo),DANE - IIOC (Anexo A3),Índice,Trimestral
2013-12-31,88.29308186136241,IIOC - 4002 (férreas/aeropuertos/transporte masivo),DANE - IIOC (Anexo A3),Índice,Trimestral
2014-03-31,60.25207121827896,IIOC - 4002 (férreas/aeropuertos/transporte masivo),DANE - IIOC (Anexo A3),Índice,Trimestral
2014-06-30,59.60964212051296,IIOC - 4002 (férreas/aeropuertos/transporte masivo),DANE - IIOC (Anexo A3),Índice,Trimestral
2014-09-30,83.25070687003517,IIOC - 4002 (férreas/aeropuertos/transporte masivo),DANE - IIOC (Anexo A3),Índice,Trimestral
2014-12-31,145.0683816664279,IIOC - 4002 (férreas/aeropuertos/transporte masivo),DANE - IIOC (Anexo A3),Índice,Trimestral
2015-03-31,53.239232371079034,IIOC - 4002 (férreas/aeropuertos/transporte masivo),DANE - IIOC (Anexo A3),Índice,Trimestral
2015-06-30,49.81700792467314,IIOC - 4002 (férreas/aeropuertos/transporte masivo),DANE - IIOC (Anexo A3),Índice,Trimestral
2015-09-30,75.76780347419034,IIOC - 4002 (férreas/aeropuertos/transporte masivo),DANE - IIOC (Anexo A3),Índice,Trimestral
2015-12-31,106.34363800319183,IIOC - 4002 (férreas/aeropuertos/transporte masivo),DANE - IIOC (Anexo A3),Índice,Trimestral
2016-03-31,101.3287711856754,IIOC - 4002 (férreas/aeropuertos/transporte masivo),DANE - IIOC (Anexo A3),Índice,Trimestral
2016-06-30,89.41526672090961,IIOC - 4002 (férreas/aeropuertos/transporte masivo),DANE - IIOC (Anexo A3),Índice,Trimestral
2016-09-30,136.82447941710754,IIOC - 4002 (férreas/aeropuertos/transporte masivo),DANE - IIOC (Anexo A3),Índice,Trimestral
2016-12-31,173.48843595241726,IIOC - 4002 (férreas/aeropuertos/transporte masivo),DANE - IIOC (Anexo A3),Índice,Trimestral
2017-03-31,102.49728369885919,IIOC - 4002 (férreas/aeropuertos/transporte masivo),DANE - IIOC (Anexo A3),Índice,Trimestral
2017-06-30,62.55210776064083,IIOC - 4002 (férreas/aeropuertos/transporte masivo),DANE - IIOC (Anexo A3),Índice,Trimestral
2017-09-30,109.8850732104707,IIOC - 4002 (férreas/aeropuertos/transporte masivo),DANE - IIOC (Anexo A3),Índice,Trimestral
2017-12-31,125.06553533002926,IIOC - 4002 (férreas/aeropuertos/transporte masivo),DANE - IIOC (Anexo A3),Índice,Trimestral
2018-03-31,58.26443861781849,IIOC - 4002 (férreas/aeropuertos/transporte masivo),DANE - IIOC (Anexo A3),Índice,Trimestral
2018-06-30,57.48420429452475,IIOC - 4002 (férreas/aeropuertos/transporte masivo),DANE - IIOC (Anexo A3),Índice,Trimestral
2018-09-30,124.94492730188207,IIOC - 4002 (férreas/aeropuertos/transporte masivo),DANE - IIOC (Anexo A3),Índice,Trimestral
2018-12-31,169.25895441513867,IIOC - 4002 (férreas/aeropuertos/transporte masivo),DANE - IIOC (Anexo A3),Índice,Trimestral
2019-03-31,46.54314458373676,IIOC - 4002 (férreas/aeropuertos/transporte masivo),DANE - IIOC (Anexo A3),Índice,Trimestral
2019-06-30,46.92394435664532,IIOC - 4002 (férreas/aeropuertos/transporte masivo),DANE - IIOC (Anexo A3),Índice,Trimestral
2019-09-30,117.45912330402214,IIOC - 4002 (férreas/aeropuertos/transporte masivo),DANE - IIOC (Anexo A3),Índice,Trimestral
2019-12-31,97.88221461815355,IIOC - 4002 (férreas/aeropuertos/transporte masivo),DANE - IIOC (Anexo A3),Índice,Trimestral
2020-03-31,28.591400285764053,IIOC - 4002 (férreas/aeropuertos/transporte masivo),DANE - IIOC (Anexo A3),Índice,Trimestral
2020-06-30,28.176670124413796,IIOC - 4002 (férreas/aeropuertos/transporte masivo),DANE - IIOC (Anexo A3),Índice,Trimestral
2020-09-30,83.41554476651176,IIOC - 4002 (férreas/aeropuertos/transporte masivo),DANE - IIOC (Anexo A3),Índice,Trimestral
2020-12-31,87.58045936594078,IIOC - 4002 (férreas/aeropuertos/transporte masivo),DANE - IIOC (Anexo A3),Índice,Trimestral
1999-03-31,18.850926025583245,IIOC - 4003 (puertos/represas/acueductos/alcantarillado),DANE - IIOC (Anexo A3),Índice,Trimestral
1999-06-30,37.076601875289846,IIOC - 4003 (puertos/represas/acueductos/alcantarillado),DANE - IIOC (Anexo A3),Índice,Trimestral
1999-09-30,51.13720810848363,IIOC - 4003 (puertos/represas/acueductos/alcantarillado),DANE - IIOC (Anexo A3),Índice,Trimestral
1999-12-31,137.54243757647092,IIOC - 4003 (puertos/represas/acueductos/alcantarillado),DANE - IIOC (Anexo A3),Índice,Trimestral
2000-03-31,26.36491003430605,IIOC - 4003 (puertos/represas/acueductos/alcantarillado),DANE - IIOC (Anexo A3),Índice,Trimestral
2000-06-30,47.80218399711707,IIOC - 4003 (puertos/represas/acueductos/alcantarillado),DANE - IIOC (Anexo A3),Índice,Trimestral
2000-09-30,63.332683409651686,IIOC - 4003 (puertos/represas/acueductos/alcantarillado),DANE - IIOC (Anexo A3),Índice,Trimestral
2000-12-31,75.35461285262762,IIOC - 4003 (puertos/represas/acueductos/alcantarillado),DANE - IIOC (Anexo A3),Índice,Trimestral
2001-03-31,28.010539247362043,IIOC - 4003 (puertos/represas/acueductos/alcantarillado),DANE - IIOC (Anexo A3),Índice,Trimestral
2001-06-30,41.71991271918458,IIOC - 4003 (puertos/represas/acueductos/alcantarillado),DANE - IIOC (Anexo A3),Índice,Trimestral
2001-09-30,62.241518544245444,IIOC - 4003 (puertos/represas/acueductos/alcantarillado),DANE - IIOC (Anexo A3),Índice,Trimestral
2001-12-31,57.135081843831124,IIOC - 4003 (puertos/represas/acueductos/alcantarillado),DANE - IIOC (Anexo A3),Índice,Trimestral
2002-03-31,11.993209788733733,IIOC - 4003 (puertos/represas/acueductos/alcantarillado),DANE - IIOC (Anexo A3),Índice,Trimestral
2002-06-30,12.228335163695109,IIOC - 4003 (puertos/represas/acueductos/alcantarillado),DANE - IIOC (Anexo A3),Índice,Trimestral
2002-09-30,15.288103430280216,IIOC - 4003 (puertos/represas/acueductos/alcantarillado),DANE - IIOC (Anexo A3),Índice,Trimestral
2002-12-31,11.198994740076936,IIOC - 4003 (puertos/represas/acueductos/alcantarillado),DANE - IIOC (Anexo A3),Índice,Trimestral
2003-03-31,9.069363167812869,IIOC - 4003 (puertos/represas/acueductos/alcantarillado),DANE - IIOC (Anexo A3),Índice,Trimestral
2003-06-30,28.571402021950114,IIOC - 4003 (puertos/represas/acueductos/alcantarillado),DANE - IIOC (Anexo A3),Índice,Trimestral
2003-09-30,19.365521643529377,IIOC - 4003 (puertos/represas/acueductos/alcantarillado),DANE - IIOC (Anexo A3),Índice,Trimestral
2003-12-31,42.002813368805654,IIOC - 4003 (puertos/represas/acueductos/alcantarillado),DANE - IIOC (Anexo A3),Índice,Trimestral
2004-03-31,6.908737061508082,IIOC - 4003 (puertos/represas/acueductos/alcantarillado),DANE - IIOC (Anexo A3),Índice,Trimestral
2004-06-30,13.383541442527592,IIOC - 4003 (puertos/represas/acueductos/alcantarillado),DANE - IIOC (Anexo A3),Índice,Trimestral
2004-09-30,17.55106307836484,IIOC - 4003 (puertos/represas/acueductos/alcantarillado),DANE - IIOC (Anexo A3),Índice,Trimestral
2004-12-31,36.52726366147032,IIOC - 4003 (puertos/represas/acueductos/alcantarillado),DANE - IIOC (Anexo A3),Índice,Trimestral
2005-03-31,9.71775071945139,IIOC - 4003 (puertos/represas/acueductos/alcantarillado),DANE - IIOC (Anexo A3),Índice,Trimestral
2005-06-30,16.647463001449815,IIOC - 4003 (puertos/represas/acueductos/alcantarillado),DANE - IIOC (Anexo A3),Índice,Trimestral
2005-09-30,25.34183265613889,IIOC - 4003 (puertos/represas/acueductos/alcantarillado),DANE - IIOC (Anexo A3),Índice,Trimestral
2005-12-31,49.56207508895268,IIOC - 4003 (puertos/represas/acueductos/alcantarillado),DANE - IIOC (Anexo A3),Índice,Trimestral
2006-03-31,22.9598059173906,IIOC - 4003 (puertos/represas/acueductos/alcantarillado),DANE - IIOC (Anexo A3),Índice,Trimestral
2006-06-30,24.241079606026478,IIOC - 4003 (puertos/represas/acueductos/alcantarillado),DANE - IIOC (Anexo A3),Índice,Trimestral
2006-09-30,51.93696523465343,IIOC - 4003 (puertos/represas/acueductos/alcantarillado),DANE - IIOC (Anexo A3),Índice,Trimestral
2006-12-31,80.09117700005554,IIOC - 4003 (puertos/represas/acueductos/alcantarillado),DANE - IIOC (Anexo A3),Índice,Trimestral
2007-03-31,15.87954874012508,IIOC - 4003 (puertos/represas/acueductos/alcantarillado),DANE - IIOC (Anexo A3),Índice,Trimestral
2007-06-30,37.51528486047069,IIOC - 4003 (puertos/represas/acueductos/alcantarillado),DANE - IIOC (Anexo A3),Índice,Trimestral
2007-09-30,49.55462304921308,IIOC - 4003 (puertos/represas/acueductos/alcantarillado),DANE - IIOC (Anexo A3),Índice,Trimestral
2007-12-31,86.77294348818174,IIOC - 4003 (puertos/represas/acueductos/alcantarillado),DANE - IIOC (Anexo A3),Índice,Trimestral
2008-03-31,39.632399985517225,IIOC - 4003 (puertos/represas/acueductos/alcantarillado),DANE - IIOC (Anexo A3),Índice,Trimestral
2008-06-30,26.008317462215896,IIOC - 4003 (puertos/represas/acueductos/alcantarillado),DANE - IIOC (Anexo A3),Índice,Trimestral
2008-09-30,43.71723170118389,IIOC - 4003 (puertos/represas/acueductos/alcantarillado),DANE - IIOC (Anexo A3),Índice,Trimestral
2008-12-31,61.7854772670114,IIOC - 4003 (puertos/represas/acueductos/alcantarillado),DANE - IIOC (Anexo A3),Índice,Trimestral
2009-03-31,33.877695174415884,IIOC - 4003 (puertos/represas/acueductos/alcantarillado),DANE - IIOC (Anexo A3),Índice,Trimestral
2009-06-30,44.137606074494364,IIOC - 4003 (puertos/represas/acueductos/alcantarillado),DANE - IIOC (Anexo A3),Índice,Trimestral
2009-09-30,70.86306766677941,IIOC - 4003 (puertos/represas/acueductos/alcantarillado),DANE - IIOC (Anexo A3),Índice,Trimestral
2009-12-31,100.32902277302753,IIOC - 4003 (puertos/represas/acueductos/alcantarillado),DANE - IIOC (Anexo A3),Índice,Trimestral
2010-03-31,37.75278464486892,IIOC - 4003 (puertos/represas/acueductos/alcantarillado),DANE - IIOC (Anexo A3),Índice,Trimestral
2010-06-30,39.43576664892159,IIOC - 4003 (puertos/represas/acueductos/alcantarillado),DANE - IIOC (Anexo A3),Índice,Trimestral
2010-09-30,62.40030468933402,IIOC - 4003 (puertos/represas/acueductos/alcantarillado),DANE - IIOC (Anexo A3),Índice,Trimestral
2010-12-31,90.72533184141058,IIOC - 4003 (puertos/represas/acueductos/alcantarillado),DANE - IIOC (Anexo A3),Índice,Trimestral
2011-03-31,38.75207709040093,IIOC - 4003 (puertos/represas/acueductos/alcantarillado),DANE - IIOC (Anexo A3),Índice,Trimestral
2011-06-30,75.61840461029867,IIOC - 4003 (puertos/represas/acueductos/alcantarillado),DANE - IIOC (Anexo A3),Índice,Trimestral
2011-09-30,73.70298132514758,IIOC - 4003 (puertos/represas/acueductos/alcantarillado),DANE - IIOC (Anexo A3),Índice,Trimestral
2011-12-31,125.89867737183401,IIOC - 4003 (puertos/represas/acueductos/alcantarillado),DANE - IIOC (Anexo A3),Índice,Trimestral
2012-03-31,49.937389549531694,IIOC - 4003 (puertos/represas/acueductos/alcantarillado),DANE - IIOC (Anexo A3),Índice,Trimestral
2012-06-30,61.19800824295636,IIOC - 4003 (puertos/represas/acueductos/alcantarillado),DANE - IIOC (Anexo A3),Índice,Trimestral
2012-09-30,71.94370883267582,IIOC - 4003 (puertos/represas/acueductos/alcantarillado),DANE - IIOC (Anexo A3),Índice,Trimestral
2012-12-31,98.99901328734094,IIOC - 4003 (puertos/represas/acueductos/alcantarillado),DANE - IIOC (Anexo A3),Índice,Trimestral
2013-03-31,43.504803064087156,IIOC - 4003 (puertos/represas/acueductos/alcantarillado),DANE - IIOC (Anexo A3),Índice,Trimestral
2013-06-30,80.37155551915319,IIOC - 4003 (puertos/represas/acueductos/alcantarillado),DANE - IIOC (Anexo A3),Índice,Trimestral
2013-09-30,107.88226317425436,IIOC - 4003 (puertos/represas/acueductos/alcantarillado),DANE - IIOC (Anexo A3),Índice,Trimestral
2013-12-31,154.44664467039945,IIOC - 4003 (puertos/represas/acueductos/alcantarillado),DANE - IIOC (Anexo A3),Índice,Trimestral
2014-03-31,67.50276715863652,IIOC - 4003 (puertos/represas/acueductos/alcantarillado),DANE - IIOC (Anexo A3),Índice,Trimestral
2014-06-30,91.44817194059412,IIOC - 4003 (puertos/represas/acueductos/alcantarillado),DANE - IIOC (Anexo A3),Índice,Trimestral
2014-09-30,98.10771885543127,IIOC - 4003 (puertos/represas/acueductos/alcantarillado),DANE - IIOC (Anexo A3),Índice,Trimestral
2014-12-31,122.53560198570199,IIOC - 4003 (puertos/represas/acueductos/alcantarillado),DANE - IIOC (Anexo A3),Índice,Trimestral
2015-03-31,78.64312914815756,IIOC - 4003 (puertos/represas/acueductos/alcantarillado),DANE - IIOC (Anexo A3),Índice,Trimestral
2015-06-30,92.98590057088879,IIOC - 4003 (puertos/represas/acueductos/alcantarillado),DANE - IIOC (Anexo A3),Índice,Trimestral
2015-09-30,97.97293830483643,IIOC - 4003 (puertos/represas/acueductos/alcantarillado),DANE - IIOC (Anexo A3),Índice,Trimestral
2015-12-31,143.8144949112247,IIOC - 4003 (puertos/represas/acueductos/alcantarillado),DANE - IIOC (Anexo A3),Índice,Trimestral
2016-03-31,81.0049595053241,IIOC - 4003 (puertos/represas/acueductos/alcantarillado),DANE - IIOC (Anexo A3),Índice,Trimestral
2016-06-30,104.53106915366541,IIOC - 4003 (puertos/represas/acueductos/alcantarillado),DANE - IIOC (Anexo A3),Índice,Trimestral
2016-09-30,103.92310409131838,IIOC - 4003 (puertos/represas/acueductos/alcantarillado),DANE - IIOC (Anexo A3),Índice,Trimestral
2016-12-31,143.02233434096624,IIOC - 4003 (puertos/represas/acueductos/alcantarillado),DANE - IIOC (Anexo A3),Índice,Trimestral
2017-03-31,79.52798747005407,IIOC - 4003 (puertos/represas/acueductos/alcantarillado),DANE - IIOC (Anexo A3),Índice,Trimestral
2017-06-30,83.42630168658457,IIOC - 4003 (puertos/represas/acueductos/alcantarillado),DANE - IIOC (Anexo A3),Índice,Trimestral
2017-09-30,102.88542942294117,IIOC - 4003 (puertos/represas/acueductos/alcantarillado),DANE - IIOC (Anexo A3),Índice,Trimestral
2017-12-31,134.16028142042015,IIOC - 4003 (puertos/represas/acueductos/alcantarillado),DANE - IIOC (Anexo A3),Índice,Trimestral
2018-03-31,74.15718284270883,IIOC - 4003 (puertos/represas/acueductos/alcantarillado),DANE - IIOC (Anexo A3),Índice,Trimestral
2018-06-30,74.66565906449782,IIOC - 4003 (puertos/represas/acueductos/alcantarillado),DANE - IIOC (Anexo A3),Índice,Trimestral
2018-09-30,95.37341562897609,IIOC - 4003 (puertos/represas/acueductos/alcantarillado),DANE - IIOC (Anexo A3),Índice,Trimestral
2018-12-31,120.9412424216743,IIOC - 4003 (puertos/represas/acueductos/alcantarillado),DANE - IIOC (Anexo A3),Índice,Trimestral
2019-03-31,76.2766716861818,IIOC - 4003 (puertos/represas/acueductos/alcantarillado),DANE - IIOC (Anexo A3),Índice,Trimestral
2019-06-30,77.80251914338358,IIOC - 4003 (puertos/represas/acueductos/alcantarillado),DANE - IIOC (Anexo A3),Índice,Trimestral
2019-09-30,102.02996829701289,IIOC - 4003 (puertos/represas/acueductos/alcantarillado),DANE - IIOC (Anexo A3),Índice,Trimestral
2019-12-31,143.51145709593823,IIOC - 4003 (puertos/represas/acueductos/alcantarillado),DANE - IIOC (Anexo A3),Índice,Trimestral
2020-03-31,68.80587796854,IIOC - 4003 (puertos/represas/acueductos/alcantarillado),DANE - IIOC (Anexo A3),Índice,Trimestral
2020-06-30,58.57149069170548,IIOC - 4003 (puertos/represas/acueductos/alcantarillado),DANE - IIOC (Anexo A3),Índice,Trimestral
2020-09-30,88.5902063518183,IIOC - 4003 (puertos/represas/acueductos/alcantarillado),DANE - IIOC (Anexo A3),Índice,Trimestral
2020-12-31,129.36772718110674,IIOC - 4003 (puertos/represas/acueductos/alcantarillado),DANE - IIOC (Anexo A3),Índice,Trimestral
1999-03-31,41.8308124131471,IIOC - 4004 (minería/tuberías),DANE - IIOC (Anexo A3),Índice,Trimestral
1999-06-30,62.48000469724646,IIOC - 4004 (minería/tuberías),DANE - IIOC (Anexo A3),Índice,Trimestral
1999-09-30,74.60067918296193,IIOC - 4004 (minería/tuberías),DANE - IIOC (Anexo A3),Índice,Trimestral
1999-12-31,88.87170862739737,IIOC - 4004 (minería/tuberías),DANE - IIOC (Anexo A3),Índice,Trimestral
2000-03-31,45.93513703281234,IIOC - 4004 (minería/tuberías),DANE - IIOC (Anexo A3),Índice,Trimestral
2000-06-30,48.92802396126479,IIOC - 4004 (minería/tuberías),DANE - IIOC (Anexo A3),Índice,Trimestral
2000-09-30,43.82464580067223,IIOC - 4004 (minería/tuberías),DANE - IIOC (Anexo A3),Índice,Trimestral
2000-12-31,65.50242614688015,IIOC - 4004 (minería/tuberías),DANE - IIOC (Anexo A3),Índice,Trimestral
2001-03-31,30.42984159291473,IIOC - 4004 (minería/tuberías),DANE - IIOC (Anexo A3),Índice,Trimestral
2001-06-30,40.00424444369848,IIOC - 4004 (minería/tuberías),DANE - IIOC (Anexo A3),Índice,Trimestral
2001-09-30,53.33784004092751,IIOC - 4004 (minería/tuberías),DANE - IIOC (Anexo A3),Índice,Trimestral
2001-12-31,92.12234841553675,IIOC - 4004 (minería/tuberías),DANE - IIOC (Anexo A3),Índice,Trimestral
2002-03-31,31.43503116667886,IIOC - 4004 (minería/tuberías),DANE - IIOC (Anexo A3),Índice,Trimestral
2002-06-30,56.47197767542745,IIOC - 4004 (minería/tuberías),DANE - IIOC (Anexo A3),Índice,Trimestral
2002-09-30,46.76022651812635,IIOC - 4004 (minería/tuberías),DANE - IIOC (Anexo A3),Índice,Trimestral
2002-12-31,108.05434616540295,IIOC - 4004 (minería/tuberías),DANE - IIOC (Anexo A3),Índice,Trimestral
2003-03-31,38.377357809634475,IIOC - 4004 (minería/tuberías),DANE - IIOC (Anexo A3),Índice,Trimestral
2003-06-30,30.44735410130967,IIOC - 4004 (minería/tuberías),DANE - IIOC (Anexo A3),Índice,Trimestral
2003-09-30,49.3848214318374,IIOC - 4004 (minería/tuberías),DANE - IIOC (Anexo A3),Índice,Trimestral
2003-12-31,116.22295368175669,IIOC - 4004 (minería/tuberías),DANE - IIOC (Anexo A3),Índice,Trimestral
2004-03-31,22.448392572891397,IIOC - 4004 (minería/tuberías),DANE - IIOC (Anexo A3),Índice,Trimestral
2004-06-30,27.760774967077303,IIOC - 4004 (minería/tuberías),DANE - IIOC (Anexo A3),Índice,Trimestral
2004-09-30,42.25777043477033,IIOC - 4004 (minería/tuberías),DANE - IIOC (Anexo A3),Índice,Trimestral
2004-12-31,90.27868979944246,IIOC - 4004 (minería/tuberías),DANE - IIOC (Anexo A3),Índice,Trimestral
2005-03-31,14.610891598669575,IIOC - 4004 (minería/tuberías),DANE - IIOC (Anexo A3),Índice,Trimestral
2005-06-30,26.266688491493255,IIOC - 4004 (minería/tuberías),DANE - IIOC (Anexo A3),Índice,Trimestral
2005-09-30,40.592359909562155,IIOC - 4004 (minería/tuberías),DANE - IIOC (Anexo A3),Índice,Trimestral
2005-12-31,111.99290021367304,IIOC - 4004 (minería/tuberías),DANE - IIOC (Anexo A3),Índice,Trimestral
2006-03-31,20.906260159112463,IIOC - 4004 (minería/tuberías),DANE - IIOC (Anexo A3),Índice,Trimestral
2006-06-30,37.82014429194197,IIOC - 4004 (minería/tuberías),DANE - IIOC (Anexo A3),Índice,Trimestral
2006-09-30,48.99278186633611,IIOC - 4004 (minería/tuberías),DANE - IIOC (Anexo A3),Índice,Trimestral
2006-12-31,147.4641789756038,IIOC - 4004 (minería/tuberías),DANE - IIOC (Anexo A3),Índice,Trimestral
2007-03-31,28.81264968888579,IIOC - 4004 (minería/tuberías),DANE - IIOC (Anexo A3),Índice,Trimestral
2007-06-30,50.261613917149475,IIOC - 4004 (minería/tuberías),DANE - IIOC (Anexo A3),Índice,Trimestral
2007-09-30,74.4967720457002,IIOC - 4004 (minería/tuberías),DANE - IIOC (Anexo A3),Índice,Trimestral
2007-12-31,144.28599374476022,IIOC - 4004 (minería/tuberías),DANE - IIOC (Anexo A3),Índice,Trimestral
2008-03-31,33.98299864184964,IIOC - 4004 (minería/tuberías),DANE - IIOC (Anexo A3),Índice,Trimestral
2008-06-30,91.97472953030318,IIOC - 4004 (minería/tuberías),DANE - IIOC (Anexo A3),Índice,Trimestral
2008-09-30,133.72438957749438,IIOC - 4004 (minería/tuberías),DANE - IIOC (Anexo A3),Índice,Trimestral
2008-12-31,197.4933786312145,IIOC - 4004 (minería/tuberías),DANE - IIOC (Anexo A3),Índice,Trimestral
2009-03-31,57.94953370806854,IIOC - 4004 (minería/tuberías),DANE - IIOC (Anexo A3),Índice,Trimestral
2009-06-30,115.04268821488769,IIOC - 4004 (minería/tuberías),DANE - IIOC (Anexo A3),Índice,Trimestral
2009-09-30,92.38173549350142,IIOC - 4004 (minería/tuberías),DANE - IIOC (Anexo A3),Índice,Trimestral
2009-12-31,187.07230150307913,IIOC - 4004 (minería/tuberías),DANE - IIOC (Anexo A3),Índice,Trimestral
2010-03-31,58.955087182127535,IIOC - 4004 (minería/tuberías),DANE - IIOC (Anexo A3),Índice,Trimestral
2010-06-30,98.35051212118563,IIOC - 4004 (minería/tuberías),DANE - IIOC (Anexo A3),Índice,Trimestral
2010-09-30,104.78006427629289,IIOC - 4004 (minería/tuberías),DANE - IIOC (Anexo A3),Índice,Trimestral
2010-12-31,209.25065214410796,IIOC - 4004 (minería/tuberías),DANE - IIOC (Anexo A3),Índice,Trimestral
2011-03-31,48.675993245481564,IIOC - 4004 (minería/tuberías),DANE - IIOC (Anexo A3),Índice,Trimestral
2011-06-30,92.71269578791089,IIOC - 4004 (minería/tuberías),DANE - IIOC (Anexo A3),Índice,Trimestral
2011-09-30,99.29450739710197,IIOC - 4004 (minería/tuberías),DANE - IIOC (Anexo A3),Índice,Trimestral
2011-12-31,198.72594284378246,IIOC - 4004 (minería/tuberías),DANE - IIOC (Anexo A3),Índice,Trimestral
2012-03-31,55.77374345407256,IIOC - 4004 (minería/tuberías),DANE - IIOC (Anexo A3),Índice,Trimestral
2012-06-30,102.43370161251518,IIOC - 4004 (minería/tuberías),DANE - IIOC (Anexo A3),Índice,Trimestral
2012-09-30,105.56197008926141,IIOC - 4004 (minería/tuberías),DANE - IIOC (Anexo A3),Índice,Trimestral
2012-12-31,187.70883900484262,IIOC - 4004 (minería/tuberías),DANE - IIOC (Anexo A3),Índice,Trimestral
2013-03-31,61.90908500855822,IIOC - 4004 (minería/tuberías),DANE - IIOC (Anexo A3),Índice,Trimestral
2013-06-30,101.90499638493633,IIOC - 4004 (minería/tuberías),DANE - IIOC (Anexo A3),Índice,Trimestral
2013-09-30,109.65210394518,IIOC - 4004 (minería/tuberías),DANE - IIOC (Anexo A3),Índice,Trimestral
2013-12-31,181.05912065918335,IIOC - 4004 (minería/tuberías),DANE - IIOC (Anexo A3),Índice,Trimestral
2014-03-31,66.19523782040038,IIOC - 4004 (minería/tuberías),DANE - IIOC (Anexo A3),Índice,Trimestral
2014-06-30,103.23460060545823,IIOC - 4004 (minería/tuberías),DANE - IIOC (Anexo A3),Índice,Trimestral
2014-09-30,113.05820250103207,IIOC - 4004 (minería/tuberías),DANE - IIOC (Anexo A3),Índice,Trimestral
2014-12-31,192.32533690167432,IIOC - 4004 (minería/tuberías),DANE - IIOC (Anexo A3),Índice,Trimestral
2015-03-31,69.50454367263819,IIOC - 4004 (minería/tuberías),DANE - IIOC (Anexo A3),Índice,Trimestral
2015-06-30,107.36432310022002,IIOC - 4004 (minería/tuberías),DANE - IIOC (Anexo A3),Índice,Trimestral
2015-09-30,114.12746369927513,IIOC - 4004 (minería/tuberías),DANE - IIOC (Anexo A3),Índice,Trimestral
2015-12-31,142.41650437860238,IIOC - 4004 (minería/tuberías),DANE - IIOC (Anexo A3),Índice,Trimestral
2016-03-31,52.619663399630774,IIOC - 4004 (minería/tuberías),DANE - IIOC (Anexo A3),Índice,Trimestral
2016-06-30,78.1757842590661,IIOC - 4004 (minería/tuberías),DANE - IIOC (Anexo A3),Índice,Trimestral
2016-09-30,98.17075565847475,IIOC - 4004 (minería/tuberías),DANE - IIOC (Anexo A3),Índice,Trimestral
2016-12-31,130.83908273400704,IIOC - 4004 (minería/tuberías),DANE - IIOC (Anexo A3),Índice,Trimestral
2017-03-31,49.957142146650035,IIOC - 4004 (minería/tuberías),DANE - IIOC (Anexo A3),Índice,Trimestral
2017-06-30,90.26397559166834,IIOC - 4004 (minería/tuberías),DANE - IIOC (Anexo A3),Índice,Trimestral
2017-09-30,115.97431465318549,IIOC - 4004 (minería/tuberías),DANE - IIOC (Anexo A3),Índice,Trimestral
2017-12-31,143.80456760849611,IIOC - 4004 (minería/tuberías),DANE - IIOC (Anexo A3),Índice,Trimestral
2018-03-31,44.90514460289504,IIOC - 4004 (minería/tuberías),DANE - IIOC (Anexo A3),Índice,Trimestral
2018-06-30,87.30176523459427,IIOC - 4004 (minería/tuberías),DANE - IIOC (Anexo A3),Índice,Trimestral
2018-09-30,113.40861593607049,IIOC - 4004 (minería/tuberías),DANE - IIOC (Anexo A3),Índice,Trimestral
2018-12-31,153.43667206225822,IIOC - 4004 (minería/tuberías),DANE - IIOC (Anexo A3),Índice,Trimestral
2019-03-31,51.778732414464834,IIOC - 4004 (minería/tuberías),DANE - IIOC (Anexo A3),Índice,Trimestral
2019-06-30,93.19662617080262,IIOC - 4004 (minería/tuberías),DANE - IIOC (Anexo A3),Índice,Trimestral
2019-09-30,121.75963162842419,IIOC - 4004 (minería/tuberías),DANE - IIOC (Anexo A3),Índice,Trimestral
2019-12-31,166.61823570047227,IIOC - 4004 (minería/tuberías),DANE - IIOC (Anexo A3),Índice,Trimestral
2020-03-31,58.18324225173218,IIOC - 4004 (minería/tuberías),DANE - IIOC (Anexo A3),Índice,Trimestral
2020-06-30,94.35569852063375,IIOC - 4004 (minería/tuberías),DANE - IIOC (Anexo A3),Índice,Trimestral
2020-09-30,68.67908572739732,IIOC - 4004 (minería/tuberías),DANE - IIOC (Anexo A3),Índice,Trimestral
2020-12-31,138.2739752962833,IIOC - 4004 (minería/tuberías),DANE - IIOC (Anexo A3),Índice,Trimestral
1999-03-31,5.158323221115462,IIOC - 4008 (otras obras de ingeniería),DANE - IIOC (Anexo A3),Índice,Trimestral
1999-06-30,1.9996357124675184,IIOC - 4008 (otras obras de ingeniería),DANE - IIOC (Anexo A3),Índice,Trimestral
1999-09-30,3.5574308206356697,IIOC - 4008 (otras obras de ingeniería),DANE - IIOC (Anexo A3),Índice,Trimestral
1999-12-31,2.517079569087932,IIOC - 4008 (otras obras de ingeniería),DANE - IIOC (Anexo A3),Índice,Trimestral
2000-03-31,5.303406230477233,IIOC - 4008 (otras obras de ingeniería),DANE - IIOC (Anexo A3),Índice,Trimestral
2000-06-30,17.38240820879347,IIOC - 4008 (otras obras de ingeniería),DANE - IIOC (Anexo A3),Índice,Trimestral
2000-09-30,15.54583196023519,IIOC - 4008 (otras obras de ingeniería),DANE - IIOC (Anexo A3),Índice,Trimestral
2000-12-31,52.143317787744614,IIOC - 4008 (otras obras de ingeniería),DANE - IIOC (Anexo A3),Índice,Trimestral
2001-03-31,5.7586163063410085,IIOC - 4008 (otras obras de ingeniería),DANE - IIOC (Anexo A3),Índice,Trimestral
2001-06-30,4.255945641375983,IIOC - 4008 (otras obras de ingeniería),DANE - IIOC (Anexo A3),Índice,Trimestral
2001-09-30,4.527711326959534,IIOC - 4008 (otras obras de ingeniería),DANE - IIOC (Anexo A3),Índice,Trimestral
2001-12-31,6.670195947741185,IIOC - 4008 (otras obras de ingeniería),DANE - IIOC (Anexo A3),Índice,Trimestral
2002-03-31,8.093299603900364,IIOC - 4008 (otras obras de ingeniería),DANE - IIOC (Anexo A3),Índice,Trimestral
2002-06-30,8.957013971218018,IIOC - 4008 (otras obras de ingeniería),DANE - IIOC (Anexo A3),Índice,Trimestral
2002-09-30,9.078993393210713,IIOC - 4008 (otras obras de ingeniería),DANE - IIOC (Anexo A3),Índice,Trimestral
2002-12-31,15.407031502795952,IIOC - 4008 (otras obras de ingeniería),DANE - IIOC (Anexo A3),Índice,Trimestral
2003-03-31,5.161253223061512,IIOC - 4008 (otras obras de ingeniería),DANE - IIOC (Anexo A3),Índice,Trimestral
2003-06-30,21.94540594550597,IIOC - 4008 (otras obras de ingeniería),DANE - IIOC (Anexo A3),Índice,Trimestral
2003-09-30,19.559536848879112,IIOC - 4008 (otras obras de ingeniería),DANE - IIOC (Anexo A3),Índice,Trimestral
2003-12-31,3.764551863593251,IIOC - 4008 (otras obras de ingeniería),DANE - IIOC (Anexo A3),Índice,Trimestral
2004-03-31,7.7953352031290475,IIOC - 4008 (otras obras de ingeniería),DANE - IIOC (Anexo A3),Índice,Trimestral
2004-06-30,23.104128087907874,IIOC - 4008 (otras obras de ingeniería),DANE - IIOC (Anexo A3),Índice,Trimestral
2004-09-30,5.1204562432778475,IIOC - 4008 (otras obras de ingeniería),DANE - IIOC (Anexo A3),Índice,Trimestral
2004-12-31,10.761265280417113,IIOC - 4008 (otras obras de ingeniería),DANE - IIOC (Anexo A3),Índice,Trimestral
2005-03-31,10.774164308697964,IIOC - 4008 (otras obras de ingeniería),DANE - IIOC (Anexo A3),Índice,Trimestral
2005-06-30,19.283346973620464,IIOC - 4008 (otras obras de ingeniería),DANE - IIOC (Anexo A3),Índice,Trimestral
2005-09-30,14.422987165677975,IIOC - 4008 (otras obras de ingeniería),DANE - IIOC (Anexo A3),Índice,Trimestral
2005-12-31,33.142887468892404,IIOC - 4008 (otras obras de ingeniería),DANE - IIOC (Anexo A3),Índice,Trimestral
2006-03-31,7.907564562318935,IIOC - 4008 (otras obras de ingeniería),DANE - IIOC (Anexo A3),Índice,Trimestral
2006-06-30,9.954836765982849,IIOC - 4008 (otras obras de ingeniería),DANE - IIOC (Anexo A3),Índice,Trimestral
2006-09-30,15.816032475946033,IIOC - 4008 (otras obras de ingeniería),DANE - IIOC (Anexo A3),Índice,Trimestral
2006-12-31,21.37824766700229,IIOC - 4008 (otras obras de ingeniería),DANE - IIOC (Anexo A3),Índice,Trimestral
2007-03-31,10.74213210740076,IIOC - 4008 (otras obras de ingeniería),DANE - IIOC (Anexo A3),Índice,Trimestral
2007-06-30,15.910042121980641,IIOC - 4008 (otras obras de ingeniería),DANE - IIOC (Anexo A3),Índice,Trimestral
2007-09-30,14.468387639041454,IIOC - 4008 (otras obras de ingeniería),DANE - IIOC (Anexo A3),Índice,Trimestral
2007-12-31,15.949671026096738,IIOC - 4008 (otras obras de ingeniería),DANE - IIOC (Anexo A3),Índice,Trimestral
2008-03-31,4.424755632333622,IIOC - 4008 (otras obras de ingeniería),DANE - IIOC (Anexo A3),Índice,Trimestral
2008-06-30,9.205036617431123,IIOC - 4008 (otras obras de ingeniería),DANE - IIOC (Anexo A3),Índice,Trimestral
2008-09-30,9.411448541003582,IIOC - 4008 (otras obras de ingeniería),DANE - IIOC (Anexo A3),Índice,Trimestral
2008-12-31,26.024835350119265,IIOC - 4008 (otras obras de ingeniería),DANE - IIOC (Anexo A3),Índice,Trimestral
2009-03-31,2.8743167879816984,IIOC - 4008 (otras obras de ingeniería),DANE - IIOC (Anexo A3),Índice,Trimestral
2009-06-30,12.082839695803704,IIOC - 4008 (otras obras de ingeniería),DANE - IIOC (Anexo A3),Índice,Trimestral
2009-09-30,13.599012038758993,IIOC - 4008 (otras obras de ingeniería),DANE - IIOC (Anexo A3),Índice,Trimestral
2009-12-31,47.71578270025692,IIOC - 4008 (otras obras de ingeniería),DANE - IIOC (Anexo A3),Índice,Trimestral
2010-03-31,5.810610157610964,IIOC - 4008 (otras obras de ingeniería),DANE - IIOC (Anexo A3),Índice,Trimestral
2010-06-30,17.105170964209925,IIOC - 4008 (otras obras de ingeniería),DANE - IIOC (Anexo A3),Índice,Trimestral
2010-09-30,17.299289347303752,IIOC - 4008 (otras obras de ingeniería),DANE - IIOC (Anexo A3),Índice,Trimestral
2010-12-31,37.85265541592745,IIOC - 4008 (otras obras de ingeniería),DANE - IIOC (Anexo A3),Índice,Trimestral
2011-03-31,17.658632627443826,IIOC - 4008 (otras obras de ingeniería),DANE - IIOC (Anexo A3),Índice,Trimestral
2011-06-30,29.223476301412447,IIOC - 4008 (otras obras de ingeniería),DANE - IIOC (Anexo A3),Índice,Trimestral
2011-09-30,29.44074066524054,IIOC - 4008 (otras obras de ingeniería),DANE - IIOC (Anexo A3),Índice,Trimestral
2011-12-31,50.60100598097477,IIOC - 4008 (otras obras de ingeniería),DANE - IIOC (Anexo A3),Índice,Trimestral
2012-03-31,24.763339932644293,IIOC - 4008 (otras obras de ingeniería),DANE - IIOC (Anexo A3),Índice,Trimestral
2012-06-30,46.78645151255857,IIOC - 4008 (otras obras de ingeniería),DANE - IIOC (Anexo A3),Índice,Trimestral
2012-09-30,40.86573480908143,IIOC - 4008 (otras obras de ingeniería),DANE - IIOC (Anexo A3),Índice,Trimestral
2012-12-31,38.84743695204038,IIOC - 4008 (otras obras de ingeniería),DANE - IIOC (Anexo A3),Índice,Trimestral
2013-03-31,18.04906385891019,IIOC - 4008 (otras obras de ingeniería),DANE - IIOC (Anexo A3),Índice,Trimestral
2013-06-30,36.3894747439522,IIOC - 4008 (otras obras de ingeniería),DANE - IIOC (Anexo A3),Índice,Trimestral
2013-09-30,30.92639014512059,IIOC - 4008 (otras obras de ingeniería),DANE - IIOC (Anexo A3),Índice,Trimestral
2013-12-31,55.27498971800124,IIOC - 4008 (otras obras de ingeniería),DANE - IIOC (Anexo A3),Índice,Trimestral
2014-03-31,30.943013992143058,IIOC - 4008 (otras obras de ingeniería),DANE - IIOC (Anexo A3),Índice,Trimestral
2014-06-30,44.214124898543865,IIOC - 4008 (otras obras de ingeniería),DANE - IIOC (Anexo A3),Índice,Trimestral
2014-09-30,50.22338175927985,IIOC - 4008 (otras obras de ingeniería),DANE - IIOC (Anexo A3),Índice,Trimestral
2014-12-31,73.3733537929391,IIOC - 4008 (otras obras de ingeniería),DANE - IIOC (Anexo A3),Índice,Trimestral
2015-03-31,40.518458783675904,IIOC - 4008 (otras obras de ingeniería),DANE - IIOC (Anexo A3),Índice,Trimestral
2015-06-30,55.869581802342324,IIOC - 4008 (otras obras de ingeniería),DANE - IIOC (Anexo A3),Índice,Trimestral
2015-09-30,74.61031999148703,IIOC - 4008 (otras obras de ingeniería),DANE - IIOC (Anexo A3),Índice,Trimestral
2015-12-31,90.88624274787573,IIOC - 4008 (otras obras de ingeniería),DANE - IIOC (Anexo A3),Índice,Trimestral
2016-03-31,54.1824687721392,IIOC - 4008 (otras obras de ingeniería),DANE - IIOC (Anexo A3),Índice,Trimestral
2016-06-30,61.91785965940028,IIOC - 4008 (otras obras de ingeniería),DANE - IIOC (Anexo A3),Índice,Trimestral
2016-09-30,82.23138585906828,IIOC - 4008 (otras obras de ingeniería),DANE - IIOC (Anexo A3),Índice,Trimestral
2016-12-31,109.09011263244089,IIOC - 4008 (otras obras de ingeniería),DANE - IIOC (Anexo A3),Índice,Trimestral
2017-03-31,54.38986104218504,IIOC - 4008 (otras obras de ingeniería),DANE - IIOC (Anexo A3),Índice,Trimestral
2017-06-30,86.19812540744881,IIOC - 4008 (otras obras de ingeniería),DANE - IIOC (Anexo A3),Índice,Trimestral
2017-09-30,108.89061436944604,IIOC - 4008 (otras obras de ingeniería),DANE - IIOC (Anexo A3),Índice,Trimestral
2017-12-31,150.5213991809201,IIOC - 4008 (otras obras de ingeniería),DANE - IIOC (Anexo A3),Índice,Trimestral
2018-03-31,60.640247951379315,IIOC - 4008 (otras obras de ingeniería),DANE - IIOC (Anexo A3),Índice,Trimestral
2018-06-30,74.78564636409034,IIOC - 4008 (otras obras de ingeniería),DANE - IIOC (Anexo A3),Índice,Trimestral
2018-09-30,99.30776145275918,IIOC - 4008 (otras obras de ingeniería),DANE - IIOC (Anexo A3),Índice,Trimestral
2018-12-31,159.3783016644751,IIOC - 4008 (otras obras de ingeniería),DANE - IIOC (Anexo A3),Índice,Trimestral
2019-03-31,67.34423202253444,IIOC - 4008 (otras obras de ingeniería),DANE - IIOC (Anexo A3),Índice,Trimestral
2019-06-30,101.22772780695308,IIOC - 4008 (otras obras de ingeniería),DANE - IIOC (Anexo A3),Índice,Trimestral
2019-09-30,140.95086217015702,IIOC - 4008 (otras obras de ingeniería),DANE - IIOC (Anexo A3),Índice,Trimestral
2019-12-31,181.75608003252486,IIOC - 4008 (otras obras de ingeniería),DANE - IIOC (Anexo A3),Índice,Trimestral
2020-03-31,53.3369295267413,IIOC - 4008 (otras obras de ingeniería),DANE - IIOC (Anexo A3),Índice,Trimestral
2020-06-30,58.443305117759266,IIOC - 4008 (otras obras de ingeniería),DANE - IIOC (Anexo A3),Índice,Trimestral
2020-09-30,85.45677048584395,IIOC - 4008 (otras obras de ingeniería),DANE - IIOC (Anexo A3),Índice,Trimestral
2020-12-31,75.59891810273585,IIOC - 4008 (otras obras de ingeniería),DANE - IIOC (Anexo A3),Índice,Trimestral
